Date,RESI5,WVMA5,RSQR5,KLEN,RSQR10,CORR5,CORD5,CORR10,ROC60,RESI10,VSTD5,RSQR60,CORR60,WVMA60,STD5,RSQR20,CORD60,CORD10,CORR20,KLOW,Return
2026-01-23 00:00:00-05:00,0.0528514370227766,0.6921905287906049,0.523819713839115,0.0311794965695111,0.7547144077003985,0.2904617599829342,0.8216571447805041,0.5455422906818134,0.9908212207707188,0.0482325946472476,0.500295713312846,0.0016523303228512,-0.0768686070378427,1.0398468407424268,0.0380282615652921,0.8405792921383046,0.1536322926580978,0.6769226031151855,0.8413791003120079,0.0117948874449119,0.0065549075799782
2026-01-26 00:00:00-05:00,0.0719315509475586,0.9930086086282092,0.0052015158526696,0.042504171335037,0.6475785546954324,0.734023541216589,0.8912241899856315,0.4582171853506332,0.9785843740047482,0.0628464185343899,0.6358493842581772,0.0009069290107059,-0.0152322352229908,1.0352447397161293,0.0305940658846531,0.8378653895516943,0.1574334821263426,0.6749580088467825,0.8108548205334303,0.0112126436303624,0.0280132540379125
2026-01-27 00:00:00-05:00,0.0699904410882917,0.9972271558088018,0.0315452499295041,0.02883730103715,0.5462178112579563,0.5468937164333397,0.7931856583382091,0.2094655579636833,0.9448847545747096,0.0718021436391045,0.8985880614595431,0.0100587457689302,0.0207031767563071,1.0215508859250242,0.0301665318962277,0.8301716387717774,0.1467915983081177,0.6339048385513245,0.686174494204172,0.0,0.0299648711727809
2026-01-28 00:00:00-05:00,0.0386747866564439,0.6740691743108709,0.2678393840117987,0.0381414541410967,0.526923912092032,0.3965905546551444,0.4769975424056474,0.2194166090523445,0.911151687227291,0.070519745934387,0.4609287916790928,0.0306501832657348,0.0958064326889181,0.9980714764914788,0.0254123753243447,0.8414725533584215,0.155587294012486,0.6532823065664216,0.6349485552805104,0.0167426431596062,-0.0246022344638725
2026-01-29 00:00:00-05:00,0.0272202034426971,0.4752565955089761,0.4557254356890763,0.0640826043192271,0.5077879758546623,-0.028052341028151,0.6356503860024086,0.2207884647025948,0.9501357128212662,0.0693370731158863,0.5331594255757034,0.0635949283398403,0.158830977703065,0.9855943135485948,0.0250368833172317,0.8492136498955558,0.1557370914767961,0.6784224166442664,0.5365228735387734,0.0339891457225496,-0.0373335720165364
2026-01-30 00:00:00-05:00,0.0177820921836836,0.5769224980107873,0.6733842919942268,0.039235486675755,0.3432064992727541,-0.2305105345240818,-0.0021949547807869,-0.0806563650012625,1.0077619423085695,0.058321923591879,0.1965086730342874,0.1058129725364291,0.2441036024303185,0.9826650118264,0.0266243235891655,0.8356749354920415,0.1461769183357261,0.5463680988809124,0.4919887532574483,0.0017190633026043,0.0466832267060277
2026-02-02 00:00:00-05:00,0.0511542897462923,0.3816400499149715,0.0016858002539075,0.0512314260957633,0.0304279650959771,-0.0646189097657626,-0.1575708772344184,0.1711555313144559,1.0016250664140742,0.0607043087988831,0.2395160275808068,0.1569093810926573,0.1903038198451643,0.9716606216820532,0.0252467489285203,0.7518814509811518,0.1557004421820827,0.5083006348093618,0.3675225683877127,0.0034293029153356,-0.0078473761676463
2026-02-03 00:00:00-05:00,0.0388468552028401,0.4751189986128954,0.0694991313450988,0.049152543919981,0.0464192911741539,-0.0991146366456078,-0.0457786548263966,0.3073587584887189,0.99694171817051,0.0622807947341868,0.2114102495100125,0.2473613680546142,0.1432587006108035,0.9915994021443028,0.0228785425690171,0.7314670807152421,0.156054774320896,0.4539464481454599,0.2742035400122439,0.0236290632609902,-0.0437524463767606
2026-02-04 00:00:00-05:00,0.0395308328436647,0.4982195224697132,0.0905751043161459,0.0806596646543774,4.115473844255651e-05,-0.3788984865617567,-0.4267942181184739,0.1637344310837385,0.976435107838503,0.053003608277306,0.1513113031926786,0.3483806352499888,0.0906564333521396,0.9685006430551708,0.0238730664728492,0.6933489556307899,0.1241485658480687,0.0102778938758024,0.1411710312711486,0.0265867424385113,-0.0286881123286426
2026-02-05 00:00:00-05:00,0.0436814326613821,0.4801784017867181,0.1135836629866262,0.0457862096333672,0.0012529271590296,0.1176767172713049,-0.3564080225903973,0.0978235827902987,0.9942878959434924,0.0516982149777117,0.3056919148870199,0.4116707520669888,0.0643115408871447,0.9659386325107594,0.0257913368570656,0.5824739700197078,0.1347563163220438,0.0615118950676609,0.1619706919352611,0.0010574016542644,0.0587474796209024
2026-02-06 00:00:00-05:00,0.0573113149254063,0.4852661166964404,0.3373086579656716,0.0609570024564101,0.0804821475751439,0.3082923532570687,0.1826143754616926,0.0515543751197046,0.9827615187138976,0.0729383283390694,0.2472785344574326,0.4640951502803487,0.0435310071012934,0.967345855306226,0.0332056997010474,0.3734629890064371,0.1428200158977041,0.0563679135926547,0.089659613517589,0.0103700647894106,0.0710648755195277
2026-02-09 00:00:00-05:00,0.0533257863572309,0.6587594496505501,0.3391943014716324,0.0879098921359616,0.1653344015271224,0.6752760877221099,0.7042121118880837,0.3454607721203087,0.916890689711016,0.0587885038946756,0.1741813743698133,0.5671931702200561,0.0470301151208607,0.9431937726448628,0.0309935949982512,0.3038607292922851,0.1710748514914219,0.2447730216799336,0.1381111613988081,0.0089331526111993,0.0389734345153898
2026-02-10 00:00:00-05:00,0.1290510656452029,0.4343776271308525,0.2014350495117245,0.0467116119227431,0.0069720096399641,0.8776679260675152,0.7566528200497858,0.6332428082813915,0.8407168932091519,0.1037008976902084,0.228221225872836,0.6837915920515735,0.1016032465881647,0.9444891047154568,0.0430292387427592,0.3254418784186748,0.189146051806317,0.3611530470205563,0.2826090827939193,0.0083872597711533,0.0476669621624388
2026-02-11 00:00:00-05:00,0.0502998925616098,0.4101772864336876,0.8472917237729344,0.0526125433946804,0.0946072108608387,0.7878744100696894,0.6817029024718738,0.6884577240935501,0.7495848159824204,0.1658183782111835,0.3286203400785469,0.7601430445395223,0.125843506450455,0.9177866890162122,0.060017597204348,0.3617175793683722,0.2014184673049572,0.1985924819774059,0.3408664219531644,0.0141023788578461,-0.0521352049147804
2026-02-12 00:00:00-05:00,0.0033696597852749,0.2113201900292242,0.9938832787230568,0.0876418345855837,0.42976380805083,0.8554281027048684,0.4437659942584008,0.6888944597908935,0.7685350133858412,0.2097536708256382,0.3692559748826038,0.7872499504952281,0.1453487471233296,0.9110819929248178,0.0797235902572938,0.3837730685236057,0.1934007555425157,0.1714998563032844,0.3893755549882846,0.0084004608162175,0.0290216217000336
2026-02-13 00:00:00-05:00,0.0975424343416408,0.2676956464552636,0.6217459646278319,0.0532831759887339,0.5723385191257685,0.684753953416692,0.4556784271804578,0.7058649053866054,0.7287877463815161,0.1698829954615927,0.2954877567111482,0.8143550488855725,0.1631769048099721,0.9069503194479358,0.0537707292466448,0.3769168114964813,0.1920761314937639,0.3887802822899546,0.289047155826593,0.0088958291687341,0.0022382875690387
2026-02-17 00:00:00-05:00,0.0602971633706527,0.5494106417825677,0.3063635015088886,0.0463355212792568,0.614593937017348,-0.1552017970608366,0.2402469274359121,0.6016091297151401,0.7050222710952354,0.1642853300129064,0.3902340221340229,0.8310630468905403,0.1547101174747591,0.9333706927786944,0.0311844359997814,0.4054271699994988,0.2018225735771491,0.483604826933906,0.355699708448377,0.0256918639347386,0.0295694323200756
2026-02-18 00:00:00-05:00,0.0378042553271485,0.5401274852523573,0.0269807428668004,0.0491773978906742,0.7208914080475644,-0.0219735886704986,0.1763497901177765,0.6411674330208382,0.6903228382179957,0.1270679637559171,0.2287783076597529,0.8408742288614228,0.2029806610020401,0.915444631612352,0.0205464704432956,0.4702471977194509,0.2127009979155277,0.5052613262498135,0.5028221672897515,0.0016988091759026,-0.0207375568590694
2026-02-19 00:00:00-05:00,0.0456509363776511,0.6657206308301948,0.0844814726542249,0.0397870825783934,0.8012679801362446,0.2723993583337446,0.5693793847863055,0.4764146072285443,0.6631515045374745,0.1034164980673651,0.3981498054421399,0.8493963587263658,0.1964638760266834,0.9275925780881684,0.0235217336865741,0.5106318872969946,0.2256035329263129,0.6193138996445939,0.3600875181295497,0.0202425589605547,0.0053163229419841
2026-02-20 00:00:00-05:00,0.0149099599742564,0.8212132380932526,0.637218911944111,0.0444165771093565,0.7006832745959486,0.1153734818823312,0.7879833479957412,0.5119147745614053,0.6675709725882942,0.1277463560694946,0.2872855271985161,0.8520544509677823,0.2180665519840453,0.9360092812139762,0.0212981854649185,0.6335131899390499,0.2255403372036542,0.5120712962142494,0.3716600264740521,0.0038506341204128,-0.016569668000356
2026-02-23 00:00:00-05:00,0.0109789382116258,0.8955382718400101,0.2448062139488937,0.0322838083339105,0.5913680436716948,0.4736656164776219,0.7939936759363647,0.2626035426802701,0.6585795247683591,0.0873724966149796,0.2667376335174481,0.855539489114054,0.2376432207261068,0.9507008764712368,0.0127733805854211,0.6835041246979093,0.2561551516804013,0.5071026252337054,0.4561048122419001,0.0131264155825594,0.0466928770053767
2026-02-24 00:00:00-05:00,0.0133366893915196,0.6660722954009232,0.0747155395302741,0.0491147282003575,0.3584878166790929,0.5350394693028394,0.557889863618302,-0.1816272829238936,0.6674452334240869,0.0451227309273942,0.2484171098682012,0.8564430950996667,0.3072731428900869,0.944587894680409,0.0124317318929888,0.6723724233652894,0.2890928505806037,0.3577818188765914,0.4662163641218584,0.0,0.0262865428455387
2026-02-25 00:00:00-05:00,0.0274314406156504,0.6760278769192941,0.0192930911772805,0.0312287928694385,0.3166007878348587,0.7616052284001728,0.5338372851264286,0.2140562427750797,0.6605206340720162,0.0334143422039122,0.2188178167896966,0.8609990806904138,0.3701970197336328,0.9288496557995428,0.0170948630064543,0.6921706330754802,0.3008138647907482,0.3204157405320093,0.5315164297790923,0.0121609962592692,0.0410478897999335
2026-02-26 00:00:00-05:00,0.0246354081129292,0.9521834403713008,0.6610694242549534,0.16864374511782,0.3912167752406231,0.9392802208390147,0.3981122941553288,0.8155904164231388,0.6498637169900058,0.0436092264881912,0.3009570031165046,0.8655907900251373,0.4521329122919045,0.9849625307611511,0.0270084764357556,0.7367623027446814,0.3400470918709294,0.5995204685756687,0.6345686590091787,0.0555952454163662,0.0165195907822237
2026-02-27 00:00:00-05:00,0.0230158631143786,0.7858387436271456,0.8673361527973965,0.051252744975608,0.7070227195608287,0.8654886831730327,0.3610195627413081,0.8065230585627235,0.6117880640505088,0.0466143161059872,0.5025123488558002,0.8691621387612204,0.4736539622263711,0.9830888957336475,0.0413861514660016,0.808938899381433,0.3713754012662729,0.5749740037257071,0.6819287715324127,0.0133028423215276,-0.0212211570062279
2026-03-02 00:00:00-05:00,0.0040931076854201,0.7702589885573957,0.983128312868096,0.0384151632851682,0.7295543332535699,0.5654918968275564,0.7126158317462183,0.6738783653886199,0.6423701450713832,0.0606810375721443,1.1226957668843984,0.8669305538234595,0.4485914394146237,0.9874879761127284,0.0494678170268266,0.8452511117511864,0.3813447225343339,0.6794839374056859,0.5782394543872253,0.0223418691029388,-0.0640767188198662
2026-03-03 00:00:00-05:00,0.0330704804619525,0.692035696666438,0.7098565858264663,0.0477509989448631,0.7671740701513854,0.4573465728714573,0.2311444930686161,0.6875189003892651,0.6909104950026648,0.0597626063637481,0.7090366177204106,0.8723626080608916,0.4632121849044018,0.96446810534809,0.0350484797964995,0.846498821483607,0.3380375280873071,0.3224691425465142,0.6051345476246511,0.0205500203005971,0.0336720057265012
2026-03-04 00:00:00-05:00,0.1114753362391071,0.7303395294349709,0.0863489968000676,0.031966053330987,0.4431897840881195,0.3682679266386778,0.0220364880818752,0.627164341277429,0.6948804373930982,0.1229251960075012,0.909493088326475,0.8778360489006996,0.446833340117353,0.9619977460986374,0.0356667175221729,0.7960866315689056,0.3184528797495022,0.1902747505939066,0.5656067391874434,0.0179289166426611,-0.0342414634819959
2026-03-05 00:00:00-05:00,0.055496208008106,0.5750624475312215,0.5534975647816266,0.0538809454846505,0.3896147150643622,0.5366754049745551,-0.6265121083979374,0.6698602892319888,0.7072757148617133,0.1357501636291795,1.116879286541618,0.889463322319231,0.4362184867789647,0.950803157579962,0.0366310506555785,0.767203141981929,0.3242970797227202,0.1441093923617089,0.5519881694175492,0.0211766349125938,-0.049861964032038
2026-03-06 00:00:00-05:00,0.0473938323923569,0.5290207092383921,0.7168434572928655,0.0593432239046923,0.1170730288868178,0.4969423253965587,-0.5852345295817827,0.6255110653687139,0.7648987759967366,0.1846527381605639,0.4397846908827691,0.8947224156879859,0.4342076895841525,0.9372990210792028,0.0436097802428242,0.6639688030460263,0.3239341643292236,0.1286562750137532,0.591000169162946,0.007763722697987,0.0373161696119799
2026-03-09 00:00:00-04:00,0.0508851148300587,0.4531867038460628,0.7301326619902417,0.0779979566999229,0.0223182096911811,-0.0200982354130141,-0.7660137052650224,0.6274367454160026,0.7442927396273825,0.2358242229387848,0.224636604288342,0.8937793774477379,0.4188668759409378,0.9190346191344984,0.045446550785216,0.4493552113448327,0.3161888079588862,0.087184416753737,0.5064270050214648,0.0092531814518783,-0.0024508134155993
2026-03-10 00:00:00-04:00,0.0571057663390031,0.5104172212974243,0.3631475814465119,0.0403490478285575,0.3249429888975257,0.3431287963268824,-0.6932159693923865,0.6490397536405046,0.7558545187682316,0.1443088829655665,0.2385658408885731,0.8996238077669676,0.4000216462004923,0.9288528427209098,0.0313786411121874,0.2914077094902665,0.315863429360866,0.0942609421981049,0.4411205690136959,0.0077383955502863,0.0201807875904984
2026-03-11 00:00:00-04:00,0.0554587883007996,0.5654332914075878,0.3707259267145212,0.0252436562947364,0.6061414481518169,0.4518017847684535,0.0750470787951853,0.6498478692480346,0.7288692984513997,0.088789098391336,0.0931401760523973,0.9056293118490506,0.403711349605003,0.9264237102305805,0.03079925772567,0.1540549345543184,0.3192501407538954,0.0257549921984023,0.4819873924133954,0.0009219047159694,-0.0793841704397844
2026-03-12 00:00:00-04:00,0.0404790239870468,0.7610855963738195,0.0864337451296313,0.0738325749199821,0.6397827301102554,-0.5030683756976386,-0.1757759930893656,0.5721498530900813,0.7370085455813578,0.0890862558094131,0.0993273460315376,0.9105417286840928,0.4139151921734456,0.9289176766610638,0.0227604452430982,0.091600208420679,0.3172761743892247,-0.3851070893227226,0.5677292567014051,0.0143612092812154,0.018778029105813
2026-03-13 00:00:00-04:00,0.0969658369267438,0.9245378748740032,0.0319539833121939,0.0325068950039096,0.6762246587276609,-0.4018624217883428,-0.269893143179518,0.4862671352343785,0.7022546168741317,0.0939952024301029,0.1198279601862875,0.8880625664089244,0.4311587499637822,0.9362814084510708,0.0339045005213409,0.0130953821697687,0.3087618677897589,-0.3380658222580268,0.5812191394929448,0.0198347440940676,0.0293443059865705
2026-03-16 00:00:00-04:00,0.0540663209012929,0.9860652749084898,0.4971251572876792,0.0296560945540635,0.621885910467404,-0.3275369586774871,-0.2652466072850858,0.0395782073874864,0.6988835127685787,0.0788319871676041,0.1696888515863939,0.8680855792340837,0.4346023896915564,0.9408607933745052,0.034621756495134,0.0129110809013892,0.2995601035202948,-0.5691120884084516,0.6177874457640408,0.0183117059244857,0.0117594702376113
2026-03-17 00:00:00-04:00,0.0768908326050175,0.9403508658728434,0.2063207051300708,0.0283857883073109,0.417443582476502,-0.3173980713172113,-0.2874951848281381,0.1032459233226551,0.6710496138873311,0.0708088254457571,0.4484325564215784,0.8548973602788006,0.430941881688145,0.9551269461064296,0.0326732067477892,0.0564007971969838,0.2850709868813257,-0.3902073779836842,0.6067344612924137,0.0176187557922263,0.003610125542272
2026-03-18 00:00:00-04:00,0.0935881611898521,1.1543589750331926,6.760285050744833e-05,0.0337657312195648,0.2734646013283971,-0.4149259486446096,-0.5209357197379869,-0.0498295561920743,0.6929227620578423,0.0832232519343181,0.4617693639135293,0.8427208200867875,0.4132978681301578,0.9808962035199172,0.0320567599243072,0.1152300982339313,0.2805377135996662,-0.2862787377467932,0.5862773268767025,0.0012439966990361,-0.0178979080406389
2026-03-19 00:00:00-04:00,0.0044926401805429,0.5993413783463911,0.9307882258204194,0.0474239855773472,0.0279592681415149,-0.8407016698695756,-0.8411518373303842,-0.3126628372418413,0.7115321261052496,0.070781177291882,0.2506777729836778,0.8307576610267441,0.4337930525210979,0.9852236154209458,0.0269387225047872,0.1406502591620982,0.2708357889526466,-0.3310867544877151,0.5955799416633717,0.0117422256359044,-0.0388600933738927
2026-03-20 00:00:00-04:00,0.017433036483009,1.1220231082437429,0.3752727390877828,0.0515440577100124,0.0002217905894279,-0.9022892568495932,-0.9209152059949752,-0.582199404573921,0.7606422973650396,0.0647729527418127,0.2808437169754262,0.8131880215038896,0.5372172425514976,0.9727166013305052,0.0180162398607633,0.2330328157916318,0.2496460879119868,-0.4901328067546106,0.4074802366940415,0.0123345198609136,0.068129048160872
2026-03-23 00:00:00-04:00,0.0240225101266173,0.9634509451072526,0.4645632690979225,0.0610660105065088,0.1383997161003799,-0.7034898448690468,-0.8909087861678603,-0.4777297542051572,0.7232568342897958,0.0646861042704564,0.5048003878409824,0.7824734055620844,0.5404808295194947,0.950331885463067,0.0221037578298559,0.3812267709306544,0.2093168074271977,-0.5908291686693761,0.4029479499186956,0.008838545435969,0.0297597260096063
2026-03-24 00:00:00-04:00,0.0543589833225736,0.8336835812593271,0.0405681435807548,0.0492480742169469,0.0045401814065946,-0.6376077654801401,-0.9495503383613408,-0.4946169982968704,0.7040439064502928,0.0754588059039917,0.8419880775302812,0.7709146552382647,0.5067824757992236,0.9335832950466134,0.0244777585014444,0.4840606243956214,0.1950045933311006,-0.6194601719456706,0.3669850582583354,0.0,0.0162245513117587
2026-03-25 00:00:00-04:00,0.0817910790227318,0.7725507650544946,0.2175356267354163,0.0271666844685872,0.1066055118704491,-0.8041138213354325,-0.9300331933849532,-0.5857156754198838,0.6997838456645851,0.0917936616574951,1.1147365466307908,0.7645681832530002,0.4297347293805929,0.9291284570672712,0.0329813851516539,0.3915012772289969,0.1903413486849088,-0.6581377412176446,0.2841441208427536,0.0051666895548502,-0.0621986132637413
2026-03-26 00:00:00-04:00,0.048390953256005,0.6412527570689573,0.7330530036292074,0.0579016927163082,0.5669834814651313,-0.8225080369474784,-0.8073006568003427,-0.635893823903589,0.7407022890299189,0.0644895750958162,0.8606092814636254,0.7604246376781083,0.3807205838580293,0.9052757494095932,0.0448499891949134,0.2291169520672253,0.1753475152306229,-0.781933418742664,0.2684811486690616,0.0050386125089881,-0.0090441388816494
2026-03-27 00:00:00-04:00,0.1317497111352615,0.8752825759824964,0.251086380477184,0.0302103989702717,0.290827882732954,-0.6868198918862001,-0.9751991727050976,-0.5753448343533977,0.7512181769532095,0.08278148578555,0.976085067146896,0.7390102340203196,0.334524515025004,0.9024338457911282,0.0443838109521161,0.1566508575056486,0.1769349575459776,-0.7640532128915177,0.0651795928326179,0.0136666449899121,-0.041606958140641
2026-03-30 00:00:00-04:00,0.0713747117741642,0.6270456248098942,0.2694284179809096,0.068547350285621,0.0616109556390028,-0.2399505411956007,-0.978623364097872,-0.5001714939169281,0.7618117394175155,0.0991231498323449,0.2940811055789087,0.7132619949414375,0.2973820225646811,0.8905227369853921,0.033785829676578,0.0755499830519463,0.1635658905330252,-0.7577906698070004,-0.2195500850700313,0.0082608527449091,0.0772101823590183
2026-03-31 00:00:00-04:00,0.0279387168283691,0.6420320802598097,0.8559078021611426,0.0680048185943816,0.0156488773022551,-0.645704164822135,-0.8093639612222892,-0.5116994530746803,0.7360506361292833,0.1298309428914059,0.1280068749582472,0.6690969633710104,0.2322283439266094,0.8782799079270012,0.0458592092771709,0.0485945024706744,0.1423384053005177,-0.718842537740564,-0.2847694220044065,0.009348403141372,0.027561166786491
2026-04-01 00:00:00-04:00,0.1175963762604255,0.5757647752036009,0.2543615682741183,0.0422705452318719,0.0004571871984162,-0.9229188460003384,-0.8768868237475644,-0.5897548111670692,0.7174041600869182,0.131833114854976,0.1760488855188462,0.6514526369118284,0.1570752447607599,0.8669698852120408,0.0408011639794222,0.0125040896642429,0.136475319713291,-0.7280884999136701,-0.4097554867937973,0.0,-0.0171221105774007
2026-04-02 00:00:00-04:00,0.0852742019146146,0.798708092837043,0.3165869589060754,0.0689422411334605,0.0383820719853765,-0.6607267410677088,-0.3637376860870375,-0.6031500624244873,0.7816147217831593,0.1489350147609489,0.4611716126652285,0.6403122982677139,0.0664913201948225,0.891659340009467,0.0366064103359995,0.028261251068561,0.1160806882642518,-0.652816198972848,-0.5357792745178303,0.0122142617096968,0.0200806529741981
2026-04-06 00:00:00-04:00,0.0629252546461939,0.7536552001103982,0.5405797016784282,0.0318803705720819,0.0427500803628739,-0.7091970772286317,-0.2296551446361551,-0.6298631219280719,0.7592504154905358,0.146384804375769,0.3771045012119933,0.6270869558655005,0.026308290794668,0.8897478643110128,0.0379734528550507,0.0934227461233431,0.1159865458107246,-0.5727011020303575,-0.6032010749481683,0.0143589769673145,0.0010095533264686
2026-04-07 00:00:00-04:00,0.0522229819760252,1.115767009803826,0.6617665575209949,0.0303107525538963,0.0064394980376638,-0.6250842811311527,-0.0059792009894882,-0.42353068736383,0.751681774580228,0.1206070080084646,0.2884391564034655,0.6170986398635312,-0.0167012982282722,0.8970037797752858,0.0402973174660172,0.1168904815209293,0.1201775372484547,-0.441585554917159,-0.6051886290902595,0.0064036883744172,0.0869820007511856
2026-04-08 00:00:00-04:00,0.0074878163030785,1.3552073062660392,0.5390799855404645,0.0576284657353938,0.0370156268310047,0.7070031288644926,0.7402417447125226,0.0857790652427402,0.6977895533042842,0.1154138029423327,0.225035885973241,0.6053327182593861,-0.0127276210667003,0.8765723308519677,0.0125373920655047,0.201115531369569,0.1578021852310769,0.1008432303759588,-0.3676007092396783,0.0148616383669403,0.0041751490930634
2026-04-09 00:00:00-04:00,0.0690632641229958,1.564666810811541,0.5623494472569239,0.0290885899880438,0.351172833735578,0.8522361668550195,0.8097252506648935,0.1363823884915103,0.6995050384779918,0.1590231021946221,0.3219638068187502,0.6063306504773134,-0.0424344510260228,0.8809927035425683,0.0389939719350031,0.3442070676128714,0.158312121450395,0.1286481127826143,-0.335329348639733,0.0,0.0059284583526477
2026-04-10 00:00:00-04:00,0.0366666698815904,1.6114816804333698,0.8521012797867626,0.0159744865074169,0.7738956351761436,0.798685657531524,0.7571133650510451,0.1202464127192752,0.6858975318383083,0.0804692910114157,0.3637298329725952,0.6073038578385417,-0.0596562800594465,0.8906207512072499,0.0487312603784564,0.519487535559583,0.157108150338078,0.2981114377319684,-0.356022087678837,0.0041076620915449,0.0334481721590838
2026-04-13 00:00:00-04:00,0.0415727981454446,1.404456556221466,0.808564909799241,0.0406288713692782,0.8638730656453086,0.5932063442319742,0.777437426588985,0.1887837706649473,0.6652523541201317,0.057321563470396,0.2712044001304808,0.6073410610626596,-0.0743522642066752,0.8753059132947841,0.0448645815792712,0.5449679397726772,0.1572888883158874,0.2906043053895876,-0.282039156325227,0.0023447719117229,-0.0166641133951263
2026-04-14 00:00:00-04:00,0.0428005533360986,1.2646428868214246,0.7965238093342903,0.0336059951105303,0.9068063334578303,0.1345362311359703,0.9450821498475444,0.165335988616036,0.7009135603967805,0.0481268645761477,0.2869909476330196,0.6070498080868142,-0.1593266391493178,0.8974698936415318,0.044527336252644,0.582000666806834,0.131905738323212,0.5381532877169964,-0.2829154406845064,0.0075171659968198,-0.0073813857495486
2026-04-15 00:00:00-04:00,0.0115361718376981,0.8594031680224065,0.6542297162375826,0.0269490865170933,0.8784695709353497,-0.5064727577569379,0.4403530417159584,0.4573376576251302,0.7374434312955327,0.0472690114071116,0.2780799044117409,0.6084845383966008,-0.1460539668560534,0.922929714699812,0.0177993703760798,0.6402834307284581,0.1370245598680908,0.726353672429604,-0.2918955937843176,0.01920594292381,-0.0037177901352501
2026-04-16 00:00:00-04:00,0.0190843901732181,0.8979291813139516,0.2195338879815395,0.0227395629308904,0.8148964395980954,0.0364420236293028,0.6930372747061353,0.5628447539436507,0.7240593352326157,0.0637861587937948,0.1269997562604871,0.6134004089046347,-0.14734988621633,0.9346306487747552,0.015266467077996,0.6948902115952106,0.1202737081685497,0.794977050342412,-0.357708952612478,0.0086663462543295,0.0380043761211688
2026-04-17 00:00:00-04:00,0.0164592070778766,0.7356498863582323,0.0321055598130644,0.0292694407501136,0.7223104432983338,0.5792723269746347,0.8771550735568201,0.5733875396672983,0.7530571485608814,0.0820914298186872,0.0830018561920288,0.6142518449689266,-0.1899968174911714,0.8962597026041885,0.0124958928385729,0.7362764884629756,0.0430842125798394,0.775017017533411,-0.3810498140556048,0.0029791401098173,0.0132805512815326
2026-04-20 00:00:00-04:00,0.0264066988748876,0.8464859634625335,0.0062324593559861,0.0241467397147361,0.6798832139481233,-0.1819638531965743,0.4845533956719889,0.0956432953496021,0.7146755473952342,0.0742516137002983,0.1630613722889502,0.6286237381272372,-0.2155312180131823,0.9210360049092589,0.0155176743813459,0.7663686038824045,0.0331771104637684,0.7433029421551531,-0.3974761837752896,0.0092476661052178,-0.0235335398462978
2026-04-21 00:00:00-04:00,0.0188818736886601,0.8032614367833606,0.6432541504466625,0.0383441631559001,0.6479305032906763,-0.3661364577080598,-0.0570294366636127,-0.2656542689763354,0.7122608544242817,0.0639082205182105,0.1027186719189243,0.6347490221362633,-0.2181313307969647,0.9310428636568424,0.022162890245942,0.7672716660292987,0.0104627617710296,0.6837407434533648,-0.2457783026437215,0.0075234951306994,0.0326287805417953
2026-04-22 00:00:00-04:00,0.024634900513051,0.6329904835703669,0.4929225747970426,0.0275876630617807,0.5941783375821394,0.0133654481883369,0.1237537887168103,-0.5035860360861915,0.6942762704344861,0.0225296019563622,0.1000944689390586,0.6361317537058848,-0.2349157315367497,0.9191953035345836,0.0208953414284184,0.781527776734989,0.0139841985131174,0.2870017924105528,-0.1376257883084781,0.0100451654808838,0.0063196444455366
2026-04-23 00:00:00-04:00,0.0250202562835389,0.4934829859965834,0.5436586263567359,0.0548340964562399,0.6295913782475211,0.5342808441541089,-0.1255356988191371,0.3189292438884721,0.7092430441064391,0.0246234417969352,0.2214821016460307,0.6386657245618308,-0.2135651830252676,0.9262650052574296,0.0221281029171198,0.835590268789291,0.02260199569943,0.1456404597148245,0.0920862124533905,0.0014430894532709,0.031042427132381
2026-04-24 00:00:00-04:00,0.0149025050804453,0.4739295806287457,0.4197541579755995,0.0366741693315436,0.65179107281902,0.4394584106992653,-0.3786528826868885,0.4426748794597354,0.7085018049014654,0.0249305970688738,0.3533175960129715,0.6437782775354084,-0.2528423215604587,0.9317473405929376,0.014915182811933,0.8991013125777335,-0.0107653174158719,-0.0482736744313417,0.1168298965054634,0.0101484613485316,-0.0043604177812929
2026-04-27 00:00:00-04:00,0.0225009914943372,0.5255713847901067,0.6676144795974545,0.0474272765195508,0.6795554516355207,0.5572708206549615,-0.4253246708515166,0.5949623576704638,0.6940976330402647,0.0344811841254282,0.2855794960509636,0.6521835601024347,-0.2330213251605855,0.9428267932483424,0.024267981911153,0.9056326290643384,-0.0301201126582757,-0.1160222048094728,0.2472242731801162,0.0405528214668634,-0.0435176466102916
2026-04-28 00:00:00-04:00,0.0097578129820431,0.552511513563508,0.8892499303784803,0.0429960457924097,0.8571693793621422,0.5509622824227686,0.1347005666934775,0.6090222387290563,0.698585276249633,0.0208211120814341,0.3798050496128981,0.6570354312330972,-0.2657876044616605,0.9493847760038476,0.0283086815665596,0.9009387388500936,0.0218787096404974,0.0898405737097313,0.2705292939419638,0.0172128144370886,0.0269643340123937
2026-04-29 00:00:00-04:00,0.0503959685660262,0.5522267332010048,0.0004485224834019,0.0332304946670898,0.6234461461364609,0.3029193883493675,0.2042600292792172,0.6227365550110976,0.7119989145265325,0.0474412954195469,0.2497987482330139,0.6552518863254052,-0.2513628257387087,0.9585014245999944,0.0211316319053195,0.8652897403511945,0.0423821044039887,0.1481655891873513,0.4889673422357652,0.0140673701866722,-0.0045293650845134
2026-04-30 00:00:00-04:00,0.0419431839418623,0.5989120958814789,0.0655078368546033,0.0527327234581271,0.5155837642466243,0.076641659080446,0.172865008284622,0.6156549277313633,0.7096257452870619,0.0502283813675017,0.1919320961119529,0.658870771856664,-0.2330650735053568,0.9616238169423972,0.0199832609939527,0.8399646450272944,0.0417572334647733,0.0975290853066649,0.5948324779468275,0.0231338937394068,0.0189818633148579
2026-05-01 00:00:00-04:00,0.0279088103079302,0.682094632110104,0.3414760967790211,0.0365343625535706,0.3082923318497844,0.0042330307723336,0.2150531861304898,0.4057007499189085,0.6659371548688157,0.041492336845391,0.3907059459658131,0.6602233062904721,-0.2519513778490375,0.9826021464687724,0.0192364601821382,0.8021123299568642,0.0321051688964562,-0.0336979586181379,0.5409296611663238,0.0179660067502024,-0.0158375844222452
2026-05-04 00:00:00-04:00,0.0345186882043735,0.5906130189734189,0.0166258467324021,0.0273279959167879,0.2927022713194556,0.1099878568807483,0.2350309571037893,0.3445832280102563,0.6572417974185671,0.0417562904455438,0.4475987603240519,0.65979064524989,-0.2655047123024439,0.9916225842057363,0.0176471520206713,0.7888686723589161,0.0130183782892298,0.0112911740798273,0.3572604758551918,0.0087603303848556,0.0383525190148401
2026-05-05 00:00:00-04:00,0.0122686484109547,0.5139089178535962,0.4721462967020569,0.031236992636525,0.197713720534921,-0.4162503815609379,-0.150292254759817,0.0109440616089181,0.6701511132063566,0.0426283667513483,0.4812326184613426,0.6581052620553105,-0.3290415431408245,1.00502956481102,0.014092110618322,0.7512605904519837,0.0024098652753492,0.0141174631997393,0.1333049322285571,0.0016697195213025,0.020277236438428
2026-05-06 00:00:00-04:00,0.0157655322503357,0.4418362910659193,0.4944473418402701,0.0421508090797015,0.168076543744379,-0.1783290841481873,-0.1366522649983221,-0.0909570104057874,0.7035100784481296,0.0359459673867778,0.2960987415558893,0.6583035576770416,-0.3374923166855571,1.0160064373865825,0.0161601910394601,0.8029908405121081,-0.0300746097464833,0.0557492956462196,0.1498630815740209,0.0197243873370186,-0.039146270902634
2026-05-07 00:00:00-04:00,0.0179598149417623,0.5099560623205015,0.7684772601775498,0.0556660668988214,0.2881951327086152,-0.1049875660096888,-0.0669272095391809,-0.1545265366180284,0.7607071298022485,0.0524280502448574,0.2838156825664164,0.6633028485703951,-0.3169724066776326,1.020237590948052,0.0260016455093798,0.8045540769379169,-0.0512042628855322,0.0434591906712211,0.3302808265458576,0.0071570700777864,0.0260464559088895
2026-05-08 00:00:00-04:00,0.0461115993929342,0.4117699657537543,0.1889153036161797,0.0253416913528365,0.185638195455038,0.4924522932281127,0.1524185384780275,0.0667386661828775,0.7767364949077885,0.0540885818458869,0.2085397580302672,0.6717103083160363,-0.2812870246050041,1.0324091859734266,0.0219753200136449,0.7648432920895758,-0.0323964562893802,0.1991403694360783,0.4161852694978755,0.0119772925096876,0.0401139966860704
2026-05-11 00:00:00-04:00,0.0440795877073076,0.5119256536381297,0.2162843814355603,0.0617253106242361,0.4486729412616044,0.7488880893611337,0.2795508865580859,0.4505625258540083,0.7078466215498845,0.0405020128522892,0.2386275735670207,0.6919829595176439,-0.2085391629520757,1.0322958155576851,0.021431978223242,0.759244666343163,-0.0187803545328001,0.3643299745446155,0.571623788517514,0.0026386967631646,0.0986687774554992
2026-05-12 00:00:00-04:00,0.0459236511091393,1.0069338864335065,0.2523642768187055,0.0935113149532435,0.7454640675461953,0.8194450238113379,0.3628152196967616,0.7347523061882866,0.6629745864891978,0.0301032431228604,0.2717648169846433,0.6996902531100438,-0.0773217929325163,1.1698156720605122,0.0213679342775575,0.7897350906570397,0.0130044331637872,0.2329897647541485,0.7429077520812915,0.047128197417366,-0.0376574121257786
2026-05-13 00:00:00-04:00,0.17505719382193,0.8826228944510979,0.6136707609927355,0.0661902704484483,0.628572432814455,0.8442193013845358,0.6797936182971919,0.7173387282138435,0.6904594295597882,0.1447868800747619,0.3819258480099909,0.6982944219733782,-0.0310927607226606,1.1384774852938542,0.0591610258596081,0.6818736115627723,0.0375842125952509,0.3883439641492393,0.7451144312350921,0.0105435979316259,0.0129613787403215
2026-05-14 00:00:00-04:00,0.1031173828465832,0.9853059809135322,0.7982169503370098,0.0285758122087095,0.7179324985776665,0.6388556304915997,0.7660425989998174,0.6757077106904822,0.7017798880110626,0.130926476718867,0.4495436723634238,0.7095032380727784,-0.0187582217717724,1.1596083408536075,0.0624240096127957,0.6978344317884915,0.0189342607060095,0.4321917781119693,0.7070501007147462,0.0165648325963538,-0.0419815168733648
2026-05-15 00:00:00-04:00,0.143409159716061,0.9475345591066104,0.6138585988242429,0.0290434819711619,0.7573032963986669,0.4691241028774863,0.7812598251130413,0.7498181693902886,0.7173417838850205,0.1296475007452827,0.6094187849245051,0.726255881112536,-0.0107272015914121,1.1478096304348724,0.0543696300631056,0.7076473577354665,0.0139447237688879,0.5938682967083004,0.649044196970696,0.017222696853887,-0.0521528561273851
2026-05-18 00:00:00-04:00,0.1849491774685654,0.9783693782889648,0.0100359333162738,0.0787440658250925,0.6629417149265703,0.4160309889245468,0.4579655428992791,0.7030528837626138,0.7608351295141439,0.1754487120852088,0.4590406607242212,0.7398196253943136,-0.0091347964346193,1.1182342825547806,0.0396085049738493,0.7142256324823438,-0.0040681455217911,0.4392439518029669,0.6392366240595609,0.0219014530234917,-0.0254310910825888
2026-05-19 00:00:00-04:00,0.0413347795764513,0.4654408421270917,0.8626756819053208,0.0414482842850866,0.271838714865372,0.7362550170063177,-0.3146074207970182,0.6560812787844438,0.7677531441529851,0.3199577803315164,0.6435594644202057,0.7475845347364429,-0.0102230954655508,1.117418836734413,0.0509271971683383,0.6352221889632841,0.008375434611673,0.5174245352286467,0.6167303533978213,0.0189188889106251,0.053704141962044
2026-05-20 00:00:00-04:00,0.0394859942990505,0.4527765554326219,0.8866752427529372,0.0426588018416577,0.0266147977881392,0.555190616715836,-0.1928935521888417,0.6054766906565214,0.7626445747732087,0.4186739960505692,0.2818714741024208,0.7458110193882246,-0.012716620098315,1.122967546515542,0.0533783917217835,0.4693133649233952,0.0036692450415563,0.4635503593622061,0.5497341518020676,0.0073109958056495,-0.0018296225970418
2026-05-21 00:00:00-04:00,0.1284513965208443,0.6078052804383516,0.542812411407519,0.0239008110799337,0.0015522604831649,0.3402776602343003,-0.1235133201832609,0.5702681515306393,0.7841265196632179,0.4166098469120292,0.2198414159569049,0.760147358706553,-0.0187151634473651,1.1560789480511051,0.0479762395690976,0.4300558522434753,-0.0112064059346268,0.5044264634188765,0.4931058466069939,0.0165728183894569,0.0272977355858003
2026-05-22 00:00:00-04:00,0.1013813625675904,0.6746479032591156,0.0296141405035572,0.0287097561743951,0.0761546382284596,-0.3165991045153676,-0.2273371576364729,0.5491689000596746,0.794621880643073,0.3040252236873516,0.1664736875154294,0.7787310812304428,-0.009323510887656,1.1171237498276314,0.0288644091623114,0.3830700191656953,-0.0498723557062408,0.5098043003383101,0.5318643266295017,0.0110323013797882,0.0486842118071948
2026-05-26 00:00:00-04:00,0.0294973878008245,0.586892354788716,0.6911594627176579,0.0387098390726348,0.233242959333585,-0.3349147678081389,0.7442457553565779,0.438311491363004,0.7702497089623446,0.2085651013300249,0.1664009614956568,0.8101812206246296,0.0033933247513705,1.1174400182491733,0.0269499587245839,0.4058638060620974,-0.0421099247995093,0.4876941406252382,0.4456739041089494,0.0147292033055351,-0.0331774108551267
2026-05-27 00:00:00-04:00,0.0215524147004235,0.5484778712401346,0.91339724589703,0.0604167791152064,0.1245834345511981,0.1733886154437146,-0.3400247144202771,0.5643379680044099,0.7797750356880467,0.2729607550029654,0.0490489996016434,0.8470096849029799,0.0135330874545055,1.1136573774367975,0.0442427584334575,0.4615994023411484,-0.0702364665611376,0.1413068435697803,0.4476221283716254,0.0126719156805024,-0.0009426560202288
2026-05-28 00:00:00-04:00,0.047331821607429,0.8288483842906145,0.6036426694536082,0.0284375190734865,0.0002525164980019,0.3057835788698544,0.0813758142813897,0.2260457651889887,0.7304982185269735,0.232210615636622,0.0767847490032192,0.8745364643415293,0.0012072135747788,1.1435873214894643,0.030661827390456,0.4189879922259287,-0.0270362246811842,-0.049803907736428,0.3696139971857193,0.0188125610351565,-0.0181269709653628
2026-05-29 00:00:00-04:00,0.0660148233574965,0.555745648412912,0.291860142770684,0.0405660185424037,0.0553164461102149,-0.113826473341463,-0.3477364824255364,0.023880255955308,0.7690358492348154,0.2077918043060493,0.1627999891569796,0.8850172368891873,0.0512244254454055,1.155273993529132,0.0273399943379138,0.3824524196601667,-0.0376120941268884,-0.1115937884785825,0.4030722139842851,0.009433962264151,-0.0261538454009395
2026-06-01 00:00:00-04:00,0.0505033109310961,0.5311119954776552,0.1221679226347011,0.0366864010988735,0.3106266021786964,-0.6145751891373646,-0.1824162590489822,-0.245686666803955,0.7626491440967612,0.1236316456199855,0.1952619773705378,0.8983842896295146,0.0762697739755486,1.1601953583556444,0.0217643766103277,0.2991658111270585,-0.0404555078732019,-0.2017378861509728,0.5030510373486385,0.0197238650862266,0.0251448147796002
2026-06-02 00:00:00-04:00,0.0071126069870531,0.500577187765522,0.9346930485970292,0.0275151682535995,0.275772451436498,-0.6903654462294816,-0.0861627496967888,-0.1816285053260448,0.7068483881084968,0.1287371731047522,0.1933963855819184,0.8988785017100657,0.1062567592814525,1.171364405208902,0.0295756379444567,0.1827957150221461,-0.0363885216093164,-0.0327563751862794,0.4577758712992866,0.0061941512583106,-0.0047515698121931
2026-06-03 00:00:00-04:00,0.019810287854174,0.7247181838943304,0.5440644570133841,0.0281473225733097,0.1390548528578553,-0.5871762281072366,-0.1225683301087428,-0.0815521735515464,0.7367258668378365,0.1335431659571836,0.2625727911320826,0.8961773391123793,0.1255573853179123,1.198254517823544,0.0187252376506619,0.0979346506263739,-0.0237598116701402,-0.1129487958162843,0.3725415466752793,0.0003213357211083,-0.0012902752961634
2026-06-04 00:00:00-04:00,0.0237129844834854,0.7211533882564375,0.2593783831341662,0.0448391574624884,0.0026502236811479,-0.3195523907386915,-0.1275636172770226,-0.1544350826749837,0.7358697637771665,0.0817098969267043,0.4310464480347266,0.8949988125434737,0.1166150934390545,1.200076192156942,0.0160845511884928,0.0450851693852283,-0.0208135330149402,-0.0584017716625218,0.2803589898932433,0.0087828477619569,-0.082364327322024
2026-06-05 00:00:00-04:00,0.0148488777922078,0.9603824718803616,0.0043622347413797,0.0585666910807292,0.0986760051705402,0.1025388737145945,-0.6153119582598073,-0.2028383182741437,0.8181026713830387,0.0744932636034329,0.2576822636068563,0.8917291028862121,0.1275678735433648,1.1828792723465835,0.0114597468031185,0.0166272137071306,-0.0723804537298139,-0.3542935874579782,0.268706715359314,0.0038666788736979,0.0168953765996116
2026-06-08 00:00:00-04:00,0.1204074463116033,1.125829921193558,0.3295074409136637,0.033412847599183,0.5539684648312252,0.2008781059716132,-0.6857018461520914,-0.0336515971480446,0.7406447967137038,0.0929548325040739,0.3390545645694404,0.8649370084919731,0.1452839663257413,1.2026308446969325,0.0394339645411726,0.0461415621497726,-0.0756156394918859,-0.4317462056094319,0.3477352128109509,0.0173201049563336,0.0017306921278084
2026-06-09 00:00:00-04:00,0.0661924654942936,1.538413404229665,0.7248390091706143,0.1072328341479589,0.7593111782435612,0.1660735618291742,-0.7642130452076248,0.01189159488043,0.7532490041417151,0.0674110870536885,0.2536064792962013,0.8358726452564076,0.1877989232574048,1.221774192650788,0.0456011826822631,0.2070971234921563,-0.0730192240586187,-0.4714226610905417,0.3768058257607956,0.0646390414444778,-0.0342776795842456
2026-06-10 00:00:00-04:00,0.083162993948622,1.1531029206975296,0.6222778539003148,0.0612337679472798,0.7327009495577821,-0.5460598686622732,-0.7982977067453686,0.0328341915661793,0.8028732038310259,0.067329545779475,0.1387548021963345,0.8064159412437264,0.2148919621275149,1.217606567173045,0.0443933540949586,0.3370447748989958,-0.0723749231908921,-0.4835950655511877,0.3837174821653806,0.0151055228157512,0.0671245747745088
2026-06-11 00:00:00-04:00,0.0767098395301591,0.7815981474406695,0.5686816029236885,0.057599991508152,0.7748906761677402,-0.8610001059350803,-0.8670670754635126,0.0739704116143185,0.7612181244609614,0.0642376977178239,0.1804962506123704,0.7636089784641923,0.2205492172502154,1.1873293679923584,0.0386240766599713,0.3373441411485618,-0.0900587289643531,-0.5250186108214185,0.1615545881687613,0.0132869819972824,0.0102601547148146
2026-06-12 00:00:00-04:00,0.0530196560294723,0.8812745586286745,0.1820141142022853,0.0367459438282626,0.5355202179992062,-0.8273882679803207,-0.7162278740870078,0.2136737186761743,0.7562074124075273,0.1061790921572524,0.181879840548029,0.7435262678642267,0.1888586494231837,1.182368452753056,0.0231985318157975,0.2875613661294786,-0.0906238379661646,-0.606193797871297,0.0580799647310179,0.012360582630299,0.0688351308426655
2026-06-15 00:00:00-04:00,0.0570809237873881,0.7493997545731452,0.3808851194412173,0.0513341940557415,0.2656673509385325,-0.267416690963294,-0.3509504624541255,0.006604006474305,0.6948432552877332,0.1363771114913815,0.1311934351302982,0.725219774973062,0.1684969193982957,1.1638363063634252,0.0267620555374307,0.1950387274327121,-0.055596794833111,-0.3985307950365521,-0.0606133385442678,0.0231892886786565,-0.0545273582210265
2026-06-16 00:00:00-04:00,0.0811125175964392,0.4663393110081748,0.7542837558556537,0.0524962054002944,0.0022845442646111,-0.4760107404094667,0.0782282521176887,-0.0709343972819737,0.7063573835943483,0.2817746609937228,0.1590890101732751,0.7202649276824897,0.192019673901808,1.1651234883193289,0.0520789375319784,0.0573276857606729,0.0190507179773953,-0.3238076336450103,-0.058382896655475,0.0004390825586226,0.0294271216753636
2026-06-17 00:00:00-04:00,0.1214439229465062,0.4650720241276196,0.5884537285270648,0.0425736830038285,0.0379993554713565,0.0102549467301789,0.2464079533203138,-0.0900286786857249,0.7329133106306146,0.24486495637723,0.1583176424265267,0.700354107784881,0.3658787724927904,1.1670193992838296,0.0485306227273558,0.0823538365386673,0.0846993653714585,-0.1662408317116149,0.0272542991317177,0.0,0.0782287047047785
2026-06-18 00:00:00-04:00,0.0787857944610306,1.0828947115929617,0.2973647760938228,0.0658772672188235,0.2840328649089049,0.877544915113644,0.7417621754052882,0.5667666889680558,0.6999670910731509,0.1783357867997691,0.2976885081454102,0.6886222511289806,0.485547698972803,1.31724254170886,0.0288098410210844,0.1169409621376424,0.1953490346710512,0.2220544111281364,0.3992636454813953,0.0059208287087013,0.0394130030561388
2026-06-22 00:00:00-04:00,0.1294650593632514,0.8159026785078123,0.4792782107665733,0.0394947610707979,0.7506331943255395,0.873410315759274,0.5780605599058171,0.7447326449527298,0.6843513992679877,0.1065623789953015,0.4329802958573714,0.6903968574527936,0.5409193475730368,1.281624452847666,0.0420785921056726,0.0129417125187419,0.1830852183222044,0.3617371911993266,0.5568497107268704,0.0262346331764052,-0.0822706185105457
2026-06-23 00:00:00-04:00,0.1775831582222155,0.7253822797015631,0.5961518913316405,0.0430052575732605,0.8003719104650223,0.840251537385432,0.7635971380779201,0.775410562902611,0.6993191066922301,0.1444921876748789,0.6851715199173453,0.6940613586881805,0.541928273261532,1.2749068593644872,0.0584147243277849,0.0107766506413854,0.2515384097091332,0.5165223419080821,0.5656254497996198,0.0067813119934847,-0.0152614637879947
2026-06-24 00:00:00-04:00,0.2750521117731398,0.8131316085252437,0.3829567395748696,0.058152395552669,0.7193211652175957,0.879125770181291,0.7631189881022553,0.7385799359956888,0.7037343843924873,0.1924439693935768,0.917943151518274,0.6839869734736618,0.5521303467701635,1.2685492141747994,0.0592679203915799,0.0333647106085005,0.2560977403922057,0.5422093426451593,0.5685141222789724,0.0158484953588477,0.0551881087486072
2026-06-25 00:00:00-04:00,0.2950078924890105,0.798642511905133,0.0057162371738131,0.0638554584549133,0.5333315089464514,0.5322102571123761,0.6347186359877953,0.5913226552740708,0.6391790541677003,0.2642711117701924,1.206843176042837,0.6694875286010826,0.5302169518314827,1.2692709465706198,0.0470724392168278,0.1045602963144847,0.2524243727613042,0.5175827880045327,0.5127104485137466,0.0397590729127447,-0.055466048360505
2026-06-26 00:00:00-04:00,0.1764109550844281,0.5361642861111389,0.2207714031932851,0.0435403117191913,0.4264604348921164,0.593194439165053,-0.2013296288038331,0.7092175686711151,0.7289628756117472,0.2397973805764407,0.8729847667162006,0.6703624496259671,0.5749018290714404,1.2718301567780257,0.0423084005350934,0.2203865699986826,0.2419046683426849,0.4650773261406406,0.5211186093594377,0.0167462446181842,0.0001896553754316
2026-06-29 00:00:00-04:00,0.1705049631995021,0.8477352653733676,0.3769926105071985,0.0769304685954804,0.1555526323946855,0.2759932840161328,0.0993099990613018,0.6018307275166733,0.7489119078385963,0.2854716751741198,0.2961546668335282,0.6532386465759609,0.5943656164126645,1.2879018607237704,0.0465132844175155,0.2860447168058055,0.234378888870942,0.4086692514887134,0.5375355475153949,0.0551266247713113,0.0321051238446363
2026-06-30 00:00:00-04:00,0.0714639663853077,0.6614732244845886,0.0665073131519171,0.0457449894839381,0.0045095341412634,-0.5201573083037092,-0.4844457234356162,0.5368762270930691,0.7131918428986074,0.2611889385468262,0.3408494293015755,0.6349516779946625,0.5981707234576705,1.2619573947883247,0.0242148188687623,0.3241972158889,0.2085454194492948,0.3493277984400065,0.5510842059085933,0.0003163748863797,-0.0608658879513038
2026-07-01 00:00:00-04:00,0.0885330482277638,0.5171254285184941,1.4722770662404209e-05,0.06118980703324,0.0060912608825636,-0.1548996706025416,-0.1718155207799403,0.5893770673885937,0.7746638009057433,0.278287356041035,0.584809671005202,0.6265371556156325,0.5560424275696818,1.236552138151527,0.0268710863370719,0.3598077257016812,0.234666947825405,0.3951563603599257,0.5615740131950324,0.0025180603154885,-0.0757644255318471
2026-07-02 00:00:00-04:00,0.0899780022989198,0.6814215930104186,0.4560391058784167,0.1119422798162475,0.1830206744066425,-0.3515259970908346,-0.2110317491370186,0.3061839131629955,0.83901321994565,0.2353627108286902,0.3300686055572849,0.593736188518449,0.5088142997613161,1.1974825138593692,0.0382051854445908,0.3294793584611822,0.1671164136100189,0.1764822629214885,0.4638594131869139,0.0153505953299611,0.0347794830166225
2026-07-06 00:00:00-04:00,0.1708197879289,0.7492975542684929,0.5321321042521729,0.0496655573396484,0.6300423364605355,0.1115230363820703,-0.3331289464677924,0.3439969351890394,0.8813397283588849,0.1950842857617132,0.4264201317976076,0.5135579506860385,0.4999893420175829,1.211932880006991,0.0557983735389209,0.1720422178555248,0.1046488764683375,-0.2603071772149527,0.460075880671515,0.0077032187805487,-0.0418597969588062
2026-07-07 00:00:00-04:00,0.142623144562183,0.4584331389910235,0.6654164083611483,0.0576443028936616,0.6763947712090133,0.1549562648402747,-0.6254858593583561,0.1217717651369494,0.9236847074335456,0.1959952435905338,0.3118712391528708,0.456759170122817,0.5150416559580244,1.1797666902516637,0.0615945414352045,0.1106335099194581,0.0920939396290519,-0.2381172685711581,0.4177706113942025,0.0392380685727833,0.01159816355439
2026-07-08 00:00:00-04:00,0.1131801272131277,0.6256981617906938,0.7721298260828208,0.0471590907229645,0.6696174425763567,-0.1102505852374146,-0.5878079783411084,-0.211653779448561,0.9185077308640106,0.1752103397735244,0.2475348900281028,0.3751432079285198,0.5135162169061709,1.1736211062323425,0.0661053901541246,0.0085592302774634,0.0892962000432574,-0.4702267845130201,0.4129588359373967,0.0131673931898455,0.0090736226990388
2026-07-09 00:00:00-04:00,0.0773930394096685,0.8540708415750368,0.5008630790361834,0.0504829493528983,0.7434221498166265,-0.6472999281273921,-0.991686020836941,-0.1411976516602455,0.9406946274508968,0.1506061502134024,0.3256266596678945,0.3049386557593017,0.50838945429544,1.1877574869535503,0.036768439857612,0.0111028073068995,0.0854873998763093,-0.5020478955182859,0.4051769127260977,0.0028840235879787,0.0023700606883692
2026-07-10 00:00:00-04:00,0.0304472395638956,0.9034889079740168,0.0053942289877794,0.0400878501610498,0.7891913362282077,-0.4826896162568118,-0.9648480236385254,0.0207029167478454,0.9228316185677176,0.1287654697451316,0.477645761405065,0.2493234772302057,0.5096722497149465,1.1958946623967108,0.0163180601797733,0.0813468693089329,0.0809851996852939,-0.4802649177871536,0.4293520650880302,0.0105531940463164,-0.0196106142745743
2026-07-13 00:00:00-04:00,0.028046903384915,1.030290296923206,0.0391714650532569,0.0344538907741425,0.6693113862814383,-0.2743418239061966,-0.9242359848825714,0.3608973482085609,0.934342880233646,0.1470617530785435,0.2755566047445199,0.1948951491097308,0.4982206855917979,1.1866282497651934,0.016093120693753,0.2711351504555924,0.0742635947718387,-0.4357646714343298,0.4559744186039773,0.0139151994817372,0.004894337438952
2026-07-14 00:00:00-04:00,0.0109505892387709,0.6509213519475425,0.075073378973301,0.0539781221621975,0.6235808945223665,-0.7361764635139773,-0.9222411891751944,0.4504644232921814,0.9263353915029128,0.1546953306446042,0.2838932395304356,0.1359631559813135,0.4887482330135596,1.1851197552166548,0.010224113463851,0.4383267819650479,0.0732936372734056,-0.6262388905370885,0.4654105608759092,0.0113854844126448,-0.0101645677030156
2026-07-15 00:00:00-04:00,0.0063759785666052,0.6626207336075001,0.2130404204877758,0.0857123884967296,0.5010522965442169,-0.5836420202902384,-0.913485178103688,0.2229294226805346,0.971414195493706,0.1677165482515643,0.1330131594748456,0.0860496688671589,0.4677979799438758,1.1987319157462408,0.0085011223954521,0.594093429490892,0.0671742524111914,-0.5695502992668725,0.472862023361348,0.0467901507392469,-0.0339441456820716
2026-07-16 00:00:00-04:00,0.0033506721074012,0.9831674354122794,0.7646523624803927,0.0332857805191945,0.3972962352237144,-0.9385841094838911,-0.8876698039508076,-0.3820096406852439,1.0189008297325957,0.0629528546158385,0.1527497247945607,0.0484878531351452,0.4320137688540379,1.1761672151469826,0.011465393992023,0.6321225934940814,0.0608023322645204,-0.9602632705719591,0.4613342125443434,0.0100112909128332,0.006495867567392
2026-07-17 00:00:00-04:00,0.0110344714534173,0.8475352351248093,0.8010562910016098,0.0826752675785755,0.3960806490240661,-0.9894894703509028,-0.9642353322547248,-0.4150730408025986,0.988501312838267,0.0333578053452352,0.1849996690894275,0.018025810768684,0.3903939687450987,1.1819811175056785,0.0225570656777748,0.7735731117188807,0.0640120236969917,-0.9215073070249452,0.4526082651839593,0.0104637046094877,-0.0129812363849091
2026-07-20 00:00:00-04:00,0.0120686639467359,0.974844458217114,0.7462684535972218,0.0399683177297968,0.6439024048161562,-0.0994115427120175,-0.3104248221805475,-0.0899651715126171,1.0341798381841187,0.0266532694051748,0.3673221805982187,0.0018296841997703,0.3924102129689173,1.1937595680093356,0.0210257550787978,0.8451522023914773,0.0683217593387165,-0.6307747822452189,0.5045067367970847,0.0023086885708797,0.0312081913617112
2026-07-21 00:00:00-04:00,0.0087378360515159,0.7390860487342719,0.843157547275137,0.0258421853239927,0.641833108375696,-0.114779978116482,-0.0771502694176402,-0.1460586660158293,1.0092195696001205,0.0253727035558787,0.3762110112574089,0.0016479291537281,0.3960414123057407,1.1845790221916543,0.0224081598184458,0.8347302842571243,0.0672281411810617,-0.311921169231826,0.427913672050249,0.0164123150687353,-0.0002882593929652
2026-07-22 00:00:00-04:00,0.0298936239958662,0.9266231855318368,0.0647387582667495,0.0329049664866991,0.6694597590226823,-0.2297919871416929,-0.0553852777293509,-0.1342983722917949,1.0408482288286165,0.023570707717409,0.534589458077204,0.0115472279519952,0.4399053438832196,1.2049394820285089,0.0169754571646035,0.8067683313215457,0.0850783474964478,-0.2664787720543675,0.2795742280628703,0.0,-0.0005765749664113
2026-07-23 00:00:00-04:00,0.0094217006409856,1.0179264340457228,0.5517634006578361,0.0318055873091245,0.5536637558991525,-0.5308347851540736,0.7748284183835357,-0.1722140767505515,1.0369075506401868,0.0299100507213631,0.5721994541574492,0.0254605405907432,0.4551104898863849,1.2090203899612662,0.0137700302659506,0.7653807093122116,0.0870327277737368,-0.2272430640358433,0.2742918374127144,0.0082470066236862,-0.0259628239819573
2026-07-24 00:00:00-04:00,0.0098131318950432,0.9316470644641914,0.5375743932271013,0.0408728027343749,0.3463367731028182,-0.4633332341103616,-0.1111581579248843,-0.25757432982976,1.0182196313475338,0.0361770510272919,0.2860649986965123,0.0451384441336586,0.4611125615000839,1.2157197707924887,0.0140190639099464,0.7209814376668533,0.0521564811021963,-0.3632549618603313,0.2872314580660022,0.0070545543323862,-0.0154745899678522
2026-07-27 00:00:00-04:00,0.0276067413137252,0.8422765628388965,0.0038269761079384,0.0544118320240693,0.2816248345269275,-0.7503196075137375,-0.4385979935495073,-0.1932268797988874,1.06211097746174,0.0315028827744148,0.1680198746519151,0.0863555479100198,0.4517318162502031,1.2257747851174925,0.0161459221725576,0.6990710076196542,0.0435186546350753,-0.3048744236681955,0.4529103234924446,0.0316176694982191,-0.0382041160816555
2026-07-28 00:00:00-04:00,0.008473969464099,1.1599450367610578,0.8119305291736646,0.040572445744045,0.3328057345281194,-0.970048969399989,-0.9448372122965262,-0.5835402072048461,1.0992979973849737,0.036070750760049,0.2486957496680483,0.1327931691867245,0.3810553956355997,1.19349470284731,0.0209925651331038,0.6768494280752201,0.0126000581681306,-0.5063064015727098,0.2808417560039987,0.0272055281975954,-0.0351865103174632
2026-07-29 00:00:00-04:00,0.0104867837489482,0.7940425035877543,0.9205583092506742,0.0507252141583851,0.3863400263726311,-0.9749279407221836,-0.6409323934681831,-0.7585630971224775,1.1610168531974114,0.0587951956534988,0.301756693387774,0.1947456486402426,0.3068459527185947,1.1674436887023716,0.0365810735525416,0.6745425602910611,0.0269232322146237,-0.4640091650635888,-0.1269737729258232,0.0056448545940915,0.057784344534459
2026-07-30 00:00:00-04:00,0.0040667276157666,0.6083258552395767,0.9816670650246666,0.0434011131173614,0.4684104738238005,-0.8976609081378074,-0.527275475472312,-0.8118574835801997,1.080209928113589,0.0923040640810045,0.3037290588681803,0.2580687036605578,0.2424796220643723,1.1370646840486915,0.0461070679832337,0.7368183016298357,0.0230538194416237,-0.3338210784855919,-0.4444303845175415,0.0034752659505834,0.0050565806148734
2026-07-31 00:00:00-04:00,0.0731543122824855,0.7330070287687742,0.4203561686068374,0.0662677392158428,0.5453818916476234,-0.784623448592918,-0.4346557960649447,-0.8325567344827827,1.1159955783139976,0.0817869780518758,0.509991501268059,0.324722814578661,0.2341130977567873,1.1503548153406422,0.0346900609785932,0.7266594578144767,0.022994481105952,-0.3314211771898519,-0.4438914974842184,0.0178782369831065,0.0161610132491116
2026-08-03 00:00:00-04:00,0.0828513477822753,0.6735914607930106,0.0016306462009456,0.0502094205437579,0.51855421631272,-0.5992001572966738,-0.3228120077129895,-0.8588561414409072,1.120516207248523,0.0840061590201712,0.2919494387872687,0.3739562869714278,0.2074253254669376,1.1486259006721744,0.0279054230248891,0.7536943469077325,0.0191736350577552,-0.3403675501264298,-0.5346651821850126,0.0011640066411136,0.0627907672010186
2026-08-04 00:00:00-04:00,0.0328660242745116,0.6853851703142734,0.5978520484130321,0.0643811932873665,0.4401664270095572,-0.0898072264027231,0.165223666643247,-0.5716790620919369,1.0130424628022197,0.091076503103279,0.1984800287543782,0.4103299169567516,0.1905345839077648,1.1370094555073509,0.0268621772978368,0.6849747368729083,0.0292416221295766,-0.2543371992316201,-0.4903090965809921,0.0286099447465993,-0.0425637904493156
2026-08-05 00:00:00-04:00,0.0256827215070062,0.7287425149847655,0.8987786997144211,0.0430579587929967,0.0200823818548232,-0.1423628545207276,0.5248651799103102,-0.5231737832837988,1.0856374746169508,0.1958468746673677,0.3383352117377941,0.4505004250965205,0.1867762128898311,1.1279618149459805,0.0483715715020182,0.4513088535302298,0.0488839193787884,-0.0661161192372478,-0.5379390315170207,0.0037813838859092,-0.0167355048844534
2026-08-06 00:00:00-04:00,0.056992750203559,0.9301638770537102,0.5305063704305945,0.0562951383617098,0.0175144473286265,0.2843116366399451,0.5734241572102172,-0.4279053991327931,1.1484058849733152,0.1814131875024772,0.4659725962285598,0.4906536938348665,0.1962411267504906,1.1536889244034374,0.0337415794696526,0.3694855600929903,0.0286077889186804,-0.0290836430285654,-0.5467144560583648,0.0218636306590113,0.0347155908013547
2026-08-07 00:00:00-04:00,0.0876474633516903,0.7731605578705119,0.0694390890213735,0.0238897431221118,0.150947566324368,0.3641954176009129,0.581833460695652,-0.3865610775939038,1.2193859847894744,0.1303639011066889,0.5240061882510924,0.5145405318272247,0.2023051588842815,1.0618363542552616,0.0292184537687039,0.3047384310861348,-0.0139168323964855,-0.0023579357849221,-0.554793467218248,0.0054961158075612,-0.0263044105567279
2026-08-10 00:00:00-04:00,0.0737478821028672,0.8171690546167779,0.0024345583990141,0.0419601372611359,0.4201276169589438,0.381294229750537,0.8050435788789938,-0.3636452567178423,1.2051683061343736,0.1012882788893479,0.6565253237267651,0.4978410650552847,0.1673954944201356,1.0805856102407965,0.0262332702779708,0.1530214008258062,-0.0305574537158846,0.021153300698293,-0.4885024470869878,0.0015806957341606,0.0288011177909992
2026-08-11 00:00:00-04:00,0.041942861551957,0.4680319704506489,0.3405567267026822,0.0457470243949896,0.4938921849040206,0.5952268856669721,0.657503127037658,-0.4395228164900927,1.186613163501652,0.0867554332909335,0.5305936744111657,0.4957404289343543,0.1595564296253759,1.0762606290629892,0.0239895967945874,0.0977906724940376,-0.0211262562809798,0.3882405533366069,-0.502208214639268,0.0041049755052415,0.0277777961865188
2026-08-12 00:00:00-04:00,0.0208872699153229,0.1909494987631688,0.2056490240992716,0.0202332791689544,0.4717893694499359,-0.0759956496317188,0.5176813371597457,-0.4205889516534445,1.1060730706325232,0.0851324207400587,0.2001774601315631,0.4803148708386786,0.1553820021396047,1.085065712564691,0.0152148490742196,0.0159212098181963,-0.0318755968236372,0.5063494416973233,-0.5080212499712048,0.0068146778534439,0.0035894059221543
2026-08-13 00:00:00-04:00,0.0238645912199072,0.4375969766279856,0.6468692549683802,0.0324598479699775,0.4332784408764698,0.4076111688973893,0.2452550262707012,-0.2123245970452416,1.044638569047201,0.0588323316876429,0.1042549705673259,0.4656986592194685,0.1629958913541096,1.1173927162389314,0.0243480523206776,0.0146641588057996,-0.0156533607243192,0.5127313698934377,-0.5082720450227355,0.004100899130566,-0.0020337180428547
2026-08-14 00:00:00-04:00,0.0236612155642749,0.7094284087464814,0.6287206934833717,0.0286215485353114,0.4388327820919673,0.0098251074247327,0.4968604317225766,-0.1969566096732576,1.020146961731814,0.0594637283301302,0.3670651523559267,0.4709285565062608,0.1685527999277918,1.1348215901856626,0.0236681989790336,0.0649315421751084,-0.0232125971605855,0.5455833132027195,-0.5735638305474385,0.0161347106455179,-0.0108222815883438
2026-08-17 00:00:00-04:00,0.0145389568388887,0.8153571125077228,0.7995578495075013,0.0346651510552101,0.3923901207026053,0.0445828400828032,-0.051175716207232,-0.2168547736300385,1.086693582941648,0.0568387195047862,0.2123625810213503,0.4898120741331651,0.1734774112268737,1.1588117488097156,0.0253882047454685,0.1416126659528352,-0.0264300855530039,0.3200485500321173,-0.5910922810505393,0.0057078661041824,-0.0510087636990425
2026-08-18 00:00:00-04:00,0.0151190912150213,0.9398894292697074,0.2149500340194947,0.0423162123736214,0.2805595199728344,-0.0785866909538041,0.0172207156323703,0.0436485383766145,1.1430088101069042,0.0588797949635451,0.2194483492489507,0.4872763371934575,0.1924489029803455,1.133355400853752,0.0134289788026156,0.1859563477930937,-0.0211382033706424,0.2008541897264268,-0.5910997177261209,0.0123161989099839,-0.0564455519390522
2026-08-19 00:00:00-04:00,0.0353911196452477,1.0592671652746366,0.6137045077930282,0.076333688082562,0.1697912894672148,-0.5044139343514167,-0.3007346532779143,-0.4556444039094888,1.2444542705410426,0.0813023212830064,0.196723363248274,0.50150979973995,0.1898956757034806,1.116797512014453,0.0301531468057548,0.1973253784809401,-0.0487234706814504,-0.1852540559410954,-0.5648991412448116,0.0024314900389518,0.0593462785425813
2026-08-20 00:00:00-04:00,0.0454877923732546,1.0229710450655929,0.8519679303074127,0.0720988059252983,0.0326527444080066,-0.4910681161064836,0.4072585212447047,-0.4285044430518327,1.2319291361724212,0.1835771317860258,0.2895128745738626,0.5152625763722101,0.1504727299593995,1.1248764892462624,0.0536532288465315,0.1008910380478496,0.0200891918203629,0.2133871465941038,-0.5198466589392884,0.0053024835622524,-0.0347513753143959
2026-08-21 00:00:00-04:00,0.1030787611887923,0.8180524746023473,0.6105408406437667,0.0409724724609533,0.1911169547975602,-0.5165493995171266,0.62250802915703,-0.430556830238591,1.2339379581764982,0.1583359050260575,0.7134816167199574,0.5031886263098742,0.1668981104141569,1.1237163602789249,0.0506827740015771,0.1279837731031341,0.0468386240470722,0.4058787343470049,-0.4797663390490695,0.001275687948018,-0.0204842369572716
2026-08-24 00:00:00-04:00,0.1084757271078518,0.7550693118904269,0.4529902787178097,0.0342433044898391,0.3554094305255361,-0.0994583580434135,0.6194365672470714,-0.3891592891061042,1.258555324625091,0.1590821773562058,0.6997068505499707,0.5056673104363651,0.1791190508880831,1.110020311757221,0.0443271480959686,0.0690221089438883,0.0494468406342753,0.4004299978562441,-0.4315049634615405,0.0297459105776433,0.003010186373928
2026-08-25 00:00:00-04:00,0.0657536775873329,0.9630640137721808,0.251793285859979,0.0285958046605291,0.6868815841331736,0.4495869272459584,0.4854396737458455,-0.2127838914535424,1.232032880209072,0.099243252599987,1.2600579965671672,0.5104949451234086,0.2317632321154724,1.1274584790704087,0.0294643984979773,0.0116205900763177,0.0573809378368851,0.3475703780272524,-0.3048309199428702,0.0062771639036913,-0.0033170345588042
2026-08-26 00:00:00-04:00,0.0570223117704755,1.3233965789781947,0.0942242159199106,0.0219005990502986,0.8109026736764561,0.8337539969695605,0.8134951785263111,-0.1781967689371333,1.2038035406776484,0.0685277245200352,0.806518761465664,0.5184970832320479,0.2301705604068523,1.1483282689794092,0.0249793938576509,0.0094985240042168,0.052853757464131,0.3651976538850982,-0.2209283290099709,0.0083385583361485,0.0011886064617652
2026-08-27 00:00:00-04:00,0.0166086746160382,1.127609455652268,0.7311992554820335,0.0289505024624817,0.7864549212536446,0.912315233262642,0.406698336323232,-0.1194259685535927,1.2326078720574647,0.073685434403124,1.0854880523135169,0.534537514481119,0.2465476082885616,1.172566497566627,0.0247322793854741,0.1525295886712512,0.0493121494494804,0.3381100446527137,-0.0346588533057565,0.0066328405353472,-0.04819941836612
2026-08-28 00:00:00-04:00,0.0043495052978253,1.3111476409009095,0.4984577961913147,0.0516709363473087,0.6967979806562967,-0.4170381560752003,-0.6958355324182368,-0.2440278559063576,1.2888740282092068,0.0885697301188278,0.1954589102258333,0.5403185969912985,0.219893184143358,1.1430954744324984,0.0094974080202815,0.2985397253855032,0.0174395804356272,0.2670751023531611,-0.043887359910061,0.00603916839357,-0.0062406390255907
