Date,Open,High,Low,Close,Volume
2022-12-15 00:00:00-05:00,62.62680587768555,62.62680587768555,59.64457702636719,59.64457702636719,1318200
2022-12-16 00:00:00-05:00,59.64458774546356,59.64458774546356,54.6742054333416,56.403900146484375,2307500
2022-12-19 00:00:00-05:00,52.68603576390089,58.64055354989198,52.68603576390089,56.16530227661133,117200
2022-12-20 00:00:00-05:00,57.65642252737134,57.65642252737134,56.423766308262174,56.87110137939453,22200
2022-12-21 00:00:00-05:00,58.650509767058345,65.8873850129791,55.171242238504036,56.62259292602539,290700
2022-12-22 00:00:00-05:00,58.083874149736616,60.657538194877276,56.66234484413849,57.2587890625,3253200
2022-12-23 00:00:00-05:00,57.745890833738606,60.28674954410552,56.6623475447945,57.159385681152344,125800
2022-12-27 00:00:00-05:00,57.63654321413426,58.64056239714252,57.035127509823425,57.109683990478516,26500
2022-12-28 00:00:00-05:00,57.586838781788096,57.656423817510195,56.6623475447945,57.159385681152344,514800
2022-12-29 00:00:00-05:00,58.15346362673003,58.43180377762524,57.40790640074631,57.65642547607422,374800
2022-12-30 00:00:00-05:00,58.39204395011028,58.65050212144341,57.388024756319645,58.034175872802734,351100
2023-01-03 00:00:00-05:00,60.320551407232415,60.320551407232415,55.53904294237977,55.66827392578125,1794100
2023-01-04 00:00:00-05:00,53.80935339948987,60.35037375130135,53.1830842428791,60.13167953491211,33338500
2023-01-05 00:00:00-05:00,60.28078968474302,62.60692851192276,57.79559879211938,58.65050506591797,8850600
2023-01-06 00:00:00-05:00,59.32647095391591,59.584929110612144,57.527191574726885,58.60079574584961,5902600
2023-01-09 00:00:00-05:00,58.441747759827166,59.62469721540881,57.38802549552656,57.75583267211914,5288900
2023-01-10 00:00:00-05:00,58.79961370200035,59.70422296854959,57.71109895779713,59.64457702636719,6663000
2023-01-11 00:00:00-05:00,60.081972068960226,65.98678410881159,59.71913633179096,64.60501861572266,9219400
2023-01-12 00:00:00-05:00,65.69850447887451,66.12595762671668,63.282902358136866,65.26111602783203,5819800
2023-01-13 00:00:00-05:00,64.61496450186492,65.1120026903408,63.36242993542988,65.05236053466797,3772100
2023-01-17 00:00:00-05:00,63.56124025883389,65.34064162207899,62.88526803953979,62.954856872558594,3774600
2023-01-18 00:00:00-05:00,62.82562175891774,63.12384388499376,61.6227903682211,61.712257385253906,2610300
2023-01-19 00:00:00-05:00,60.96670137437054,64.11792142904743,60.93687650670567,63.56123733520508,2585600
2023-01-20 00:00:00-05:00,63.58112149649298,67.41825675753586,63.1636112558698,66.37447357177734,4001600
2023-01-23 00:00:00-05:00,66.95103355456214,69.49587389790253,66.38242333816416,69.1081771850586,3724100
2023-01-24 00:00:00-05:00,68.62109796416449,70.2116188098364,68.30299379503012,69.1877212524414,2591000
2023-01-25 00:00:00-05:00,68.05445945207629,69.28711188370193,66.55340218466606,68.302978515625,2802100
2023-01-26 00:00:00-05:00,68.10418128472664,69.03860801203356,67.3983878990431,68.80997467041016,2075900
2023-01-27 00:00:00-05:00,68.45210437303103,70.09233201845666,67.9550661522476,69.66487884521484,2810600
2023-01-30 00:00:00-05:00,68.00475479197408,73.5119301289828,67.51765200545867,71.07644653320312,4259900
2023-01-31 00:00:00-05:00,70.58935625008323,70.69373000861054,68.09422275265099,69.1081771850586,3084300
2023-02-01 00:00:00-05:00,68.59127936583943,70.3209703740971,67.12998567892097,69.59529876708984,2698700
2023-02-02 00:00:00-05:00,69.17776506895927,71.46414355933662,68.59126370091823,70.23149108886719,2776000
2023-02-03 00:00:00-05:00,69.21753172524323,70.21160804946491,68.69067248687782,70.13208770751953,3074900
2023-02-06 00:00:00-05:00,69.49588777108507,71.92142913476692,69.12807675685971,71.43433380126953,2227400
2023-02-07 00:00:00-05:00,71.15598158393855,71.77230402054384,70.67882163489568,71.20568084716797,1932300
2023-02-08 00:00:00-05:00,70.78817377813672,70.99692889505879,69.60522053137785,69.75433349609375,1111900
2023-02-09 00:00:00-05:00,69.8338574243451,70.55953643284893,67.80594093921385,68.0047607421875,1186000
2023-02-10 00:00:00-05:00,67.79600885556988,69.1280752030436,67.78607355198812,68.82984924316406,1968100
2023-02-13 00:00:00-05:00,68.11411692827355,69.45612624079226,67.5077372542235,69.01873016357422,2223200
2023-02-14 00:00:00-05:00,68.5415627080374,72.73656620475897,68.30696062394037,72.17988586425781,3036000
2023-02-15 00:00:00-05:00,72.26937085486355,73.10439920121283,71.29517996569304,71.8916244506836,1773000
2023-02-16 00:00:00-05:00,71.175867261454,71.39456527843487,69.9233288996005,70.48995971679688,1829400
2023-02-17 00:00:00-05:00,70.54959970210747,73.04473346167738,70.47007177397919,72.73656463623047,2408600
2023-02-21 00:00:00-05:00,72.18983105577874,72.66698348166696,71.82202005666407,72.04071807861328,1835500
2023-02-22 00:00:00-05:00,71.8418944116759,72.56757348355978,70.42335310416996,71.51385498046875,2010200
2023-02-23 00:00:00-05:00,72.0108832621364,75.75854724630165,71.85480801816729,75.45038604736328,3763200
2023-02-24 00:00:00-05:00,74.3966598497946,75.32115102764007,73.78033745403067,74.56565856933594,2102900
2023-02-27 00:00:00-05:00,74.5557362681686,76.524011042697,74.12828307686303,75.5895767211914,2139600
2023-02-28 00:00:00-05:00,75.58956101929269,75.88777935189673,74.85394669782927,75.54979705810547,3511800
2023-03-01 00:00:00-05:00,74.92354317653779,75.29134660134214,74.56567505539753,74.85395812988281,2534300
2023-03-02 00:00:00-05:00,74.3469704168257,75.02294263174032,74.0586873679738,74.59548950195312,1391900
2023-03-03 00:00:00-05:00,75.08258212819463,76.44446939681052,74.67501478679301,75.91761016845703,2082700
2023-03-06 00:00:00-05:00,75.46034120132445,76.70293666899848,75.25157848865847,76.22577667236328,1874100
2023-03-07 00:00:00-05:00,75.90767359437696,76.37985836183653,75.48022044416913,75.79832458496094,1709400
2023-03-08 00:00:00-05:00,75.79831727689049,76.94150652970986,75.65119137668653,76.17606353759766,1641300
2023-03-09 00:00:00-05:00,76.54387366489337,76.9415056942783,75.45039127223492,75.92754364013672,1683800
2023-03-10 00:00:00-05:00,75.43049184413778,76.0766428268894,74.05866955451339,74.52588653564453,3388600
2023-03-13 00:00:00-04:00,74.50600900243089,77.02102818771974,73.6014035939417,75.78836822509766,2272100
2023-03-14 00:00:00-04:00,76.23571313660041,78.29345075433018,75.89772325408526,76.68304443359375,1992300
2023-03-15 00:00:00-04:00,75.48020516691801,76.3549894809882,75.14221531962309,76.30529022216797,2326200
2023-03-16 00:00:00-04:00,75.51004362058505,76.99121535628633,75.30128848340846,76.1661376953125,1624600
2023-03-17 00:00:00-04:00,76.4047014668537,77.0806736227442,74.98317212068102,75.39073944091797,5803300
2023-03-20 00:00:00-04:00,75.04280722758679,75.36091129555771,74.06861683751305,74.75452423095703,1714100
2023-03-21 00:00:00-04:00,75.20186239823435,76.2257596210855,75.05274945862902,76.06670379638672,1401600
2023-03-22 00:00:00-04:00,76.40471881758232,76.59359577562314,74.26745286991556,74.32709503173828,1549800
2023-03-23 00:00:00-04:00,74.96330202794466,76.2555967468021,74.42649988286821,75.26152038574219,1393700
2023-03-24 00:00:00-04:00,74.81419144052794,76.03690115643478,74.44638044490502,76.007080078125,1154800
2023-03-27 00:00:00-04:00,76.36493963088016,77.00114784421599,75.8132269913561,75.92754364013672,1196600
2023-03-28 00:00:00-04:00,75.92753415890145,76.4842219642056,75.69890088989014,76.4444580078125,760800
2023-03-29 00:00:00-04:00,76.90176110401403,78.99926319277264,76.60353511080395,78.77062225341797,1786000
2023-03-30 00:00:00-04:00,79.30739161601186,81.80153126997143,79.02905151596832,81.65341186523438,2188900
2023-03-31 00:00:00-04:00,81.76277300453616,82.10075529508113,81.09674372549749,81.54407501220703,1916200
2023-04-03 00:00:00-04:00,81.51424769187727,82.13057766083497,80.98738852392607,81.32537078857422,1913100
2023-04-04 00:00:00-04:00,81.51426441561958,81.67332027928606,80.98740513957615,81.106689453125,1552700
2023-04-05 00:00:00-04:00,81.01721922874461,81.3154451552913,80.1722558824628,80.63947296142578,1410600
2023-04-06 00:00:00-04:00,80.49034171801686,80.5798049251427,79.6155499103938,79.68514251708984,1356700
2023-04-10 00:00:00-04:00,79.45652341232136,80.15237382761227,79.22788251346822,80.11260986328125,1579200
2023-04-11 00:00:00-04:00,80.11260986328125,80.2070483305423,79.48634448951944,80.11260986328125,1167000
2023-04-12 00:00:00-04:00,80.52513472991284,81.41483711948639,80.1294974027072,81.2657241821289,1232000
2023-04-13 00:00:00-04:00,81.1663404709417,82.67932033923478,80.89793559283245,82.44869995117188,1252800
2023-04-14 00:00:00-04:00,81.9615927934847,82.78667799194088,81.4943832753259,81.88207244873047,1163600
2023-04-17 00:00:00-04:00,81.68325070905786,82.74691208521173,81.51425955214569,82.22999572753906,861000
2023-04-18 00:00:00-04:00,82.29957203072209,83.66145919677801,82.29957203072209,83.16442108154297,1522000
2023-04-19 00:00:00-04:00,83.29365390780214,86.36534602777373,83.2538899457837,85.2420425415039,2422900
2023-04-20 00:00:00-04:00,84.86428613628891,85.80865547271199,84.17837114579675,84.49647521972656,1634900
2023-04-21 00:00:00-04:00,84.69529602260587,86.00250875775433,84.58594702506949,85.96772003173828,1850600
2023-04-24 00:00:00-04:00,86.0870128088492,87.30973009070819,85.66950255034159,87.26996612548828,2692800
2023-04-25 00:00:00-04:00,83.00535761161893,83.00535761161893,78.31331702177772,79.91378021240234,7291400
2023-04-26 00:00:00-04:00,79.25769664130199,79.7944911008363,77.10054558105776,79.6453857421875,3489500
2023-04-27 00:00:00-04:00,80.34124376155336,81.05697988874404,80.14243154142264,81.03709411621094,1557000
2023-04-28 00:00:00-04:00,80.71899185216789,81.24585865749582,80.53012251400148,80.85816192626953,1617600
2023-05-01 00:00:00-04:00,80.59969376569015,81.244843647361,80.24679340544768,80.30146789550781,1355800
2023-05-02 00:00:00-04:00,79.86409248684414,80.1722613209672,77.42860839690253,77.99523162841797,1879100
2023-05-03 00:00:00-04:00,78.00516344793989,79.94360907434934,77.55782459124555,79.2378158569336,1748900
2023-05-04 00:00:00-04:00,79.14836944037748,79.78457775972076,77.22980159430125,77.79642486572266,1751400
2023-05-05 00:00:00-04:00,78.03499940164451,79.05889690643592,78.03499940164451,78.5220947265625,1077400
2023-05-08 00:00:00-04:00,78.41272190886758,79.01910895107382,78.14432469251021,78.94952392578125,842300
2023-05-09 00:00:00-04:00,78.0846968174471,78.32327300715049,75.66909109212422,75.91761016845703,2499700
2023-05-10 00:00:00-04:00,76.04683025803737,76.30529219686935,74.52589486634857,75.45038604736328,1792900
2023-05-11 00:00:00-04:00,75.26150478284485,75.26150478284485,74.2674286278726,74.54576873779297,1504800
2023-05-12 00:00:00-04:00,74.4463675865089,74.56565946334487,73.83003759915586,74.47618865966797,2577800
2023-05-15 00:00:00-04:00,74.65512089406099,75.11239503467628,74.2574888983348,74.48612976074219,1187900
2023-05-16 00:00:00-04:00,74.82411103913302,77.80633959139212,74.77441178044833,77.31924438476562,2668900
2023-05-17 00:00:00-04:00,77.46836953317545,80.13249442958703,75.7545828926072,79.82433319091797,3716300
2023-05-18 00:00:00-04:00,79.94362042166378,80.64941373926086,78.75073180289144,79.21794891357422,1483500
2023-05-19 00:00:00-04:00,79.61557530603079,80.60865817657199,78.65132756790646,78.8700180053711,1312900
2023-05-22 00:00:00-04:00,78.90977988133568,78.97839732533816,78.27333108571513,78.64128112792969,1357700
2023-05-23 00:00:00-04:00,78.52196492125144,79.3304582874115,76.63250373970077,76.76178741455078,1382400
2023-05-24 00:00:00-04:00,76.54300737387237,76.71206247186848,75.65794528781022,76.1054458618164,1431900
2023-05-25 00:00:00-04:00,76.10543367397342,79.61584909605837,75.19053937443522,79.41696166992188,3127800
2023-05-26 00:00:00-04:00,79.32745840503785,79.75507320707446,77.93523122358762,77.9948959350586,2243100
2023-05-30 00:00:00-04:00,77.81590371578724,78.61146870553704,76.98056730491298,77.52751159667969,1775800
2023-05-31 00:00:00-04:00,78.1042886953092,79.287689422942,77.31170549653399,79.06890869140625,4501500
2023-06-01 00:00:00-04:00,79.28769464229207,79.65563718130552,78.45235066571831,79.38713836669922,2355500
2023-06-02 00:00:00-04:00,79.85454599241181,80.42138366509114,79.4567634390943,79.52637481689453,2404500
2023-06-05 00:00:00-04:00,79.46668051005375,80.27616000387086,78.34294464618166,80.04345703125,1416700
2023-06-06 00:00:00-04:00,77.56729658620246,82.71856094502539,77.36840911696352,82.4699478149414,23800600
2023-06-07 00:00:00-04:00,81.0379149088026,81.80364742011547,79.74513148530289,80.03352355957031,3883900
2023-06-08 00:00:00-04:00,76.92087453235183,77.96505235518491,76.3242047423335,77.31865692138672,15048600
2023-06-09 00:00:00-04:00,77.66671631204632,78.06449871463006,76.63248510015589,76.6722640991211,4894700
2023-06-12 00:00:00-04:00,76.82143175678344,77.87554865140955,76.47337500733784,77.83576965332031,5545200
2023-06-13 00:00:00-04:00,77.8656170039457,78.01378487112662,76.27448727719499,77.35844421386719,4122300
2023-06-14 00:00:00-04:00,77.74628067776125,78.36284383161887,77.05016710652595,78.0943374633789,3322600
2023-06-15 00:00:00-04:00,78.22362471840596,78.73078994919528,77.79103279123133,78.66117858886719,3277900
2023-06-16 00:00:00-04:00,79.05896711871678,79.65563705125538,78.05456805358371,78.21368408203125,5390600
2023-06-20 00:00:00-04:00,77.9252903281407,78.72085527946857,77.31867375984388,78.46229553222656,3151100
2023-06-21 00:00:00-04:00,78.3529167773559,79.55620344399787,77.85569050583092,79.17831420898438,2805700
2023-06-22 00:00:00-04:00,79.49652348098688,80.30202745859168,79.13852002714711,79.76502227783203,2229200
2023-06-23 00:00:00-04:00,79.41696864236397,79.90424819012755,78.57168562646851,79.37718963623047,7973000
2023-06-26 00:00:00-04:00,79.57607855195899,79.85453160004481,77.30872826989147,77.36840057373047,2500700
2023-06-27 00:00:00-04:00,77.51754839874548,77.91533080869834,75.76930574618719,76.6424331665039,3250400
2023-06-28 00:00:00-04:00,77.07006524767907,77.15956232681819,75.91649675830725,76.76178741455078,2920500
2023-06-29 00:00:00-04:00,76.84132599835027,78.2633930929735,76.72199657789477,78.2435073852539,1908200
2023-06-30 00:00:00-04:00,78.97941112892077,80.95837695134597,78.87400396508878,80.78931427001953,3429500
2023-07-03 00:00:00-04:00,80.95836218834086,81.0080802491365,79.45673715024972,80.24235534667969,1086900
2023-07-05 00:00:00-04:00,79.92413026681758,80.83902451824457,79.49153837776237,80.20257568359375,2655900
2023-07-06 00:00:00-04:00,79.55619142412499,79.82469023187078,78.56173903132343,78.68107604980469,2595900
2023-07-07 00:00:00-04:00,78.54186518839805,79.66360601815113,77.86563715564124,79.17831420898438,2892600
2023-07-10 00:00:00-04:00,79.68546591265833,80.33186147248584,79.55618983552063,80.21253204345703,2263000
2023-07-11 00:00:00-04:00,80.05341815362085,80.99317536759362,79.76502604733957,80.8092041015625,1793100
2023-07-12 00:00:00-04:00,80.83903394145754,82.20143641757414,80.83903394145754,81.23681640625,2124800
2023-07-13 00:00:00-04:00,81.27658873911733,81.54508751824517,80.45119152017028,80.94841766357422,1476300
2023-07-14 00:00:00-04:00,81.04786442690816,81.70420660271067,80.77936563766931,81.3660888671875,1791900
2023-07-17 00:00:00-04:00,81.28653009743108,81.90309326402824,80.63019551485777,80.73958587646484,2343200
2023-07-18 00:00:00-04:00,80.65803065068218,82.43511169236484,80.30201506396035,82.0124740600586,2842800
2023-07-19 00:00:00-04:00,82.32076296115733,82.47987897632592,81.20698120325393,81.29647827148438,2781700
2023-07-20 00:00:00-04:00,81.82374028999902,82.71409862291922,81.37607544593506,81.42581176757812,3113900
2023-07-21 00:00:00-04:00,81.65461432023665,82.70911833944365,81.59492011491145,82.2017593383789,7717700
2023-07-24 00:00:00-04:00,82.05254602672382,82.25150647935413,79.85399279892849,80.21212768554688,4335700
2023-07-25 00:00:00-04:00,80.4210284434159,81.92320472061213,78.17274676665106,79.79429626464844,4729500
2023-07-26 00:00:00-04:00,79.8440523039718,79.89180008157982,76.88944320234016,77.02871704101562,4148600
2023-07-27 00:00:00-04:00,77.59576120928385,78.46125512435052,75.85483066933196,76.461669921875,3224700
2023-07-28 00:00:00-04:00,76.83968330120878,77.91408776726449,76.49149877698333,77.46642303466797,2910100
2023-07-31 00:00:00-04:00,77.31721647754789,77.62560747045642,75.87472656424731,77.59576416015625,3916200
2023-08-01 00:00:00-04:00,77.43657767330939,77.63057433979405,76.70041497094837,77.28736114501953,2126700
2023-08-02 00:00:00-04:00,76.91928957994172,77.37690472382057,75.75535491465058,76.19306945800781,3073000
2023-08-03 00:00:00-04:00,76.24281191573766,76.29255582623799,75.28778803500137,75.62602233886719,2053300
2023-08-04 00:00:00-04:00,75.58624769426238,76.39701891048443,75.23407836338136,75.50666046142578,1449600
2023-08-07 00:00:00-04:00,75.70560117697487,75.89461890812035,74.78042070904037,75.1982421875,1668300
2023-08-08 00:00:00-04:00,74.89980440924124,75.0788718483079,72.94001287886022,73.5468521118164,2574900
2023-08-09 00:00:00-04:00,73.41753776300247,74.49193494193754,73.03950223887864,73.53691101074219,3028400
2023-08-10 00:00:00-04:00,73.8651993150218,74.19349091132048,71.74624077409025,71.92530822753906,3681600
2023-08-11 00:00:00-04:00,71.76612383709886,71.76612383709886,70.49275882900966,71.2189712524414,2898300
2023-08-14 00:00:00-04:00,71.12943872948271,71.49752387203863,70.48280595033484,71.42788696289062,2601100
2023-08-15 00:00:00-04:00,71.37815141092423,71.37815141092423,69.82623863130085,70.17442321777344,2476300
2023-08-16 00:00:00-04:00,70.84094374366433,71.90539802201451,70.05503711350234,70.30374145507812,3697400
2023-08-17 00:00:00-04:00,70.33358634711813,70.43307415787439,67.88633648163011,68.03556060791016,3791900
2023-08-18 00:00:00-04:00,67.8465323863908,68.39368490154442,67.54311282614255,68.00570678710938,2929200
2023-08-21 00:00:00-04:00,68.97069899356767,69.13981614674987,68.24447888011588,68.61256408691406,2807800
2023-08-22 00:00:00-04:00,68.79162257115932,69.04032691336174,68.31410689459484,68.57276153564453,2168400
2023-08-23 00:00:00-04:00,68.60259535710658,69.1696408753323,68.45337125444652,68.63243865966797,2079500
2023-08-24 00:00:00-04:00,69.27907591832547,69.42830003076529,67.88633018530996,68.07534790039062,2623200
2023-08-25 00:00:00-04:00,68.05548294576963,68.53299119457667,67.25962574461553,68.23454284667969,3096600
2023-08-28 00:00:00-04:00,68.70209366133287,69.29899022922122,68.40365296724384,68.95079803466797,2438700
2023-08-29 00:00:00-04:00,68.97068184869201,70.13461621105537,68.97068184869201,70.1147232055664,2044300
2023-08-30 00:00:00-04:00,70.13461513449043,70.62207345494716,69.86601782031927,70.02518463134766,1889200
2023-08-31 00:00:00-04:00,70.1445864861238,70.76136850003593,69.4989478417616,70.08489227294922,3573300
2023-09-01 00:00:00-04:00,70.30376012435869,70.65194477705496,68.7418967481015,68.89112091064453,2097300
2023-09-05 00:00:00-04:00,68.77172426546889,68.80157516300557,67.06064470956743,67.3093490600586,3773500
2023-09-06 00:00:00-04:00,67.16011016913498,67.84652886450588,65.71762069945134,66.63285827636719,3140100
2023-09-07 00:00:00-04:00,67.73712462389112,67.81671185096921,65.48884238285262,65.55847930908203,2836900
2023-09-08 00:00:00-04:00,65.57836246685045,65.64799938261594,64.38458459948376,64.56365203857422,3103100
2023-09-11 00:00:00-04:00,64.98146890792935,67.0009469112409,64.86208809374813,66.27473449707031,3630500
2023-09-12 00:00:00-04:00,66.03596708091578,66.27472868835174,64.88198300438877,65.06105041503906,2381800
2023-09-13 00:00:00-04:00,64.78251816966481,65.59826821402208,63.877230603807696,64.19557189941406,3612800
2023-09-14 00:00:00-04:00,64.52386007512828,65.7176379729133,64.2353621053617,65.65795135498047,3945100
2023-09-15 00:00:00-04:00,65.65795206746485,66.15536079524867,65.2401305576916,66.08572387695312,6711100
2023-09-18 00:00:00-04:00,65.52862175205543,66.64281232952791,65.52862175205543,65.93649291992188,3205300
2023-09-19 00:00:00-04:00,66.15535636667293,66.40406071391607,65.01131485138366,65.77732849121094,3160400
2023-09-20 00:00:00-04:00,66.07577680793922,66.45381231704566,64.56365754107915,64.67308807373047,1796400
2023-09-21 00:00:00-04:00,64.28510757353241,64.55370495060286,63.4594072527691,63.55888748168945,2172500
2023-09-22 00:00:00-04:00,63.499211361522384,64.46915703611667,63.40569674313609,63.996620178222656,2277800
2023-09-25 00:00:00-04:00,63.66831690951697,66.6925628735016,63.66831690951697,66.13546752929688,3214500
2023-09-26 00:00:00-04:00,65.84695880039236,67.05565816363129,65.77732189374304,65.86685180664062,3619900
2023-09-27 00:00:00-04:00,66.02604970921739,68.0564728832305,65.80718861334405,67.9261474609375,5470000
2023-09-28 00:00:00-04:00,68.38374682905169,70.21421481528358,67.65753436804386,69.4183578491211,4817700
2023-09-29 00:00:00-04:00,69.71679065385356,69.83616385941674,67.57793217256364,67.68736267089844,3146200
2023-10-02 00:00:00-04:00,67.64758538197133,68.30416853027953,67.21981358257938,67.48841094970703,1942100
2023-10-03 00:00:00-04:00,67.00093577667909,67.18000317326558,66.05586248849373,66.63285827636719,2726100
2023-10-04 00:00:00-04:00,66.79203553645156,67.71721596535977,66.12550974085478,67.5281982421875,2084400
2023-10-05 00:00:00-04:00,67.98581173657873,68.32405357076394,66.2816922243546,67.24964904785156,1894300
2023-10-06 00:00:00-04:00,66.66271945452797,68.63245375535314,66.30458456531343,68.1052017211914,2319800
2023-10-09 00:00:00-04:00,67.46851666595644,67.72717131857196,66.8318341286371,67.44862365722656,1600300
2023-10-10 00:00:00-04:00,67.64758352167199,68.27431575430458,67.25960534101547,67.83660125732422,2209000
2023-10-11 00:00:00-04:00,67.95597054644048,67.95597054644048,66.69255585525607,67.42871856689453,2032900
2023-10-12 00:00:00-04:00,67.36903421073268,67.5580519417499,65.82706423527011,66.1653060913086,2252100
2023-10-13 00:00:00-04:00,65.7872734193277,67.28944985250196,65.71763650334503,66.77214813232422,1984200
2023-10-16 00:00:00-04:00,67.27949929449555,67.3391935007188,65.98624120409518,66.53338623046875,1951500
2023-10-17 00:00:00-04:00,66.02603981942688,67.06065092413088,65.72759153523828,66.45381164550781,1596000
2023-10-18 00:00:00-04:00,65.95638373229913,66.13545113280644,64.75264823508988,64.89192962646484,1917700
2023-10-19 00:00:00-04:00,64.92180815165995,66.35499935377068,64.53364381676701,65.14076232910156,1669200
2023-10-20 00:00:00-04:00,65.22037843705934,65.22037843705934,63.55827078259956,63.74737548828125,2575000
2023-10-23 00:00:00-04:00,63.647848299021945,64.23506080504707,63.06063579299683,63.687660217285156,2412500
2023-10-24 00:00:00-04:00,63.717518116673546,64.75260528710761,63.657804031589045,64.36444854736328,2511200
2023-10-25 00:00:00-04:00,63.89665974426213,64.68292800121861,63.67770179933404,64.2052001953125,3179600
2023-10-26 00:00:00-04:00,63.817046712689304,64.43411245910809,63.27959720902501,63.608036041259766,3484900
2023-10-27 00:00:00-04:00,63.89666584318222,64.01610160273215,62.423662775469616,62.80186462402344,2606400
2023-10-30 00:00:00-04:00,63.239779322997556,63.36916234944223,62.05539955113688,62.871524810791016,4484200
2023-10-31 00:00:00-04:00,66.37490603441336,67.38012852702623,65.45924707234367,66.2554702758789,7555100
2023-11-01 00:00:00-04:00,66.43461998172879,68.12658479411184,65.6881635774397,67.95738983154297,4523300
2023-11-02 00:00:00-04:00,69.27115824625034,69.43040593649388,67.95739517513232,68.92281341552734,3115900
2023-11-03 00:00:00-04:00,69.60955373896212,71.56029232684274,69.30101324654927,71.23184967041016,4022800
2023-11-06 00:00:00-05:00,71.33136600608366,71.61999670199657,70.42566959570209,70.75410461425781,2350100
2023-11-07 00:00:00-05:00,70.91335591936367,71.12236279402963,70.34604937574262,70.36595153808594,1912900
2023-11-08 00:00:00-05:00,70.82378714658658,70.82378714658658,69.1965100622508,69.65930938720703,2062100
2023-11-09 00:00:00-05:00,69.79864413721522,69.80859901493808,67.72847757832415,67.98724365234375,1981500
2023-11-10 00:00:00-05:00,68.22611775810925,69.24129511747687,68.066870081861,69.1915283203125,2773300
2023-11-13 00:00:00-05:00,69.24130615021492,70.21667933928114,69.02234435715832,69.67922973632812,1993200
2023-11-14 00:00:00-05:00,70.66454562945358,72.02807551112011,70.34605784020968,71.86882781982422,2634400
2023-11-15 00:00:00-05:00,71.65979555312526,72.28681603061085,71.13727469188136,71.18206024169922,2780100
2023-11-16 00:00:00-05:00,71.65981640655085,72.31670170175096,71.16217879261646,71.58019256591797,2946600
2023-11-17 00:00:00-05:00,72.18728702756168,73.03227444273446,71.68467593843785,72.65506744384766,2920000
2023-11-20 00:00:00-05:00,72.74466423984398,73.14277585775909,72.42617646418141,72.98353576660156,1787600
2023-11-21 00:00:00-05:00,73.15273044063031,73.34183516687864,72.2470263237014,73.03329467773438,1469300
2023-11-22 00:00:00-05:00,73.40154346489996,73.82951208985291,72.84419180202055,73.25225067138672,1123300
2023-11-24 00:00:00-05:00,73.47121335999333,73.49111552248709,73.04423945803835,73.36173248291016,558900
2023-11-27 00:00:00-05:00,70.923314544591,71.17710699294926,70.21667004718894,70.80387878417969,4253600
2023-11-28 00:00:00-05:00,70.36594692758278,70.45055199370245,67.78321440699845,67.80809020996094,5167900
2023-11-29 00:00:00-05:00,67.97729193742006,68.51772558434087,67.14125691016739,67.39007568359375,3762900
2023-11-30 00:00:00-05:00,67.39007928436766,68.35549739178138,66.0763163942136,68.13653564453125,3324600
2023-12-01 00:00:00-05:00,68.02707230585837,69.3408355346537,67.83597809197019,69.08206939697266,1898700
2023-12-04 00:00:00-05:00,68.5644933630893,69.43535897818927,68.44505763084261,69.04222869873047,1478700
2023-12-05 00:00:00-05:00,68.58442000623587,68.72375793150064,67.40004004813802,67.60904693603516,1896200
2023-12-06 00:00:00-05:00,68.06686738663502,68.3554980933958,67.5443464104879,67.72847747802734,1579700
2023-12-07 00:00:00-05:00,67.77823870978449,67.96734342516812,66.68343752285479,67.07159423828125,2089200
2023-12-08 00:00:00-05:00,66.86258584019603,68.30573179106611,66.73320280244425,68.19625091552734,1893700
2023-12-11 00:00:00-05:00,68.83322923559632,70.97306461580932,68.76355268931297,70.79391479492188,3051300
2023-12-12 00:00:00-05:00,70.96312308577724,72.05294302508022,70.9034014117416,71.70957946777344,2407200
2023-12-13 00:00:00-05:00,72.26691687676572,73.91906939437446,72.1773381800614,73.82949829101562,2628600
2023-12-14 00:00:00-05:00,73.98875038017161,75.93949633981143,73.98875038017161,75.56128692626953,4271300
2023-12-15 00:00:00-05:00,76.0191082492141,76.22811510583647,74.13306530444669,74.65558624267578,5699300
2023-12-18 00:00:00-05:00,74.64563870211249,75.15820481373257,74.19776790723863,74.70535278320312,1945800
2023-12-19 00:00:00-05:00,74.78497780565047,75.48166740724137,74.64563988533229,75.33238220214844,2441800
2023-12-20 00:00:00-05:00,75.00393329727824,76.22811743683629,74.52619790085666,75.08355712890625,2162200
2023-12-21 00:00:00-05:00,75.72054594380643,77.24331592374126,75.72054594380643,76.82530212402344,2992100
2023-12-22 00:00:00-05:00,76.93477174513879,77.34283060604477,76.62623128671581,77.21344757080078,2197800
2023-12-26 00:00:00-05:00,77.33287424423015,77.95492119791072,77.2134460888653,77.77079772949219,1413900
2023-12-27 00:00:00-05:00,77.7110831061532,77.92008996992071,77.01438596691493,77.30301666259766,1365000
2023-12-28 00:00:00-05:00,77.46226809987964,77.59662478026665,76.8850066803938,77.17363739013672,1569500
2023-12-29 00:00:00-05:00,76.79543369272105,77.27316150917417,76.49684811242778,76.95467376708984,1786900
2024-01-02 00:00:00-05:00,76.21816211440787,77.04424219539487,75.34729648035847,76.0091552734375,2003100
2024-01-03 00:00:00-05:00,75.87977977201923,76.31770329364255,75.07858292542049,75.75039672851562,2692400
2024-01-04 00:00:00-05:00,75.64091487769802,76.5864232763304,75.49162207966472,76.20822143554688,2395900
2024-01-05 00:00:00-05:00,75.64092219083304,77.08406832687163,75.23285567631235,76.25799560546875,2377700
2024-01-08 00:00:00-05:00,76.63618429682053,77.08405506381396,75.94944203364045,76.9944839477539,1880600
2024-01-09 00:00:00-05:00,76.6461506117036,77.29308105539091,74.04848155147215,76.29780578613281,3507200
2024-01-10 00:00:00-05:00,75.97929931878829,76.2480278545333,74.52619854899895,75.81010437011719,3020600
2024-01-11 00:00:00-05:00,75.83997318896725,75.96438259878731,74.42668411581487,75.88973999023438,2305500
2024-01-12 00:00:00-05:00,75.94946689447768,76.13864602877743,75.07328279202278,75.8399429321289,1888300
2024-01-16 00:00:00-05:00,75.57111203425568,75.57111203425568,74.21700457147136,74.6451416015625,2831600
2024-01-17 00:00:00-05:00,73.91830247998497,73.91830247998497,71.70792092745596,72.43476104736328,3766900
2024-01-18 00:00:00-05:00,72.4347786100492,73.44040446755477,72.10620665715082,73.2014389038086,2421500
2024-01-19 00:00:00-05:00,73.12675995115013,73.7988381911568,72.88281881000886,73.78887939453125,3704600
2024-01-22 00:00:00-05:00,73.95814101064813,75.12306953761487,73.84861703669371,74.31658172607422,2414900
2024-01-23 00:00:00-05:00,74.30661595838231,74.40618872269846,72.37004419526522,73.35077667236328,2850400
2024-01-24 00:00:00-05:00,73.32090745121535,73.38064503238607,71.00100182883781,71.2399673461914,3594400
2024-01-25 00:00:00-05:00,72.01658399270154,72.78324411320055,71.11052352668578,72.55424499511719,2126500
2024-01-26 00:00:00-05:00,72.68369438325342,72.97243873825416,72.15599206410396,72.83304595947266,2334500
2024-01-29 00:00:00-05:00,72.59407715224957,74.09752869830521,72.18585007798127,74.05770111083984,2160100
2024-01-30 00:00:00-05:00,73.41052508162574,74.197095260732,72.80316765497224,73.67935180664062,1673900
2024-01-31 00:00:00-05:00,73.60965169689389,74.14731271601862,72.63389482596341,73.04212188720703,3129600
2024-02-01 00:00:00-05:00,73.04213146121504,74.80445870239724,72.67373193787803,74.02783966064453,2593600
2024-02-02 00:00:00-05:00,73.70921973477259,74.03779163642294,72.20576058179859,73.5897445678711,2446600
2024-02-05 00:00:00-05:00,72.90272456304332,73.25120642497917,72.2953672052402,73.09190368652344,3365700
2024-02-06 00:00:00-05:00,76.41743474917435,82.74987685531441,76.22825560691577,81.6048583984375,12511200
2024-02-07 00:00:00-05:00,81.68450721245352,82.15048159571326,79.82260751552681,81.47541809082031,4278100
2024-02-08 00:00:00-05:00,81.17671976443638,81.78407717083952,80.08745843196567,81.70442199707031,2483800
2024-02-09 00:00:00-05:00,81.93342158367479,82.39142739843825,80.26070106194373,80.98753356933594,2755000
2024-02-12 00:00:00-05:00,81.26632943018677,82.94900120801886,81.03732271681226,82.80960845947266,2304300
2024-02-13 00:00:00-05:00,81.9931662098854,82.35858033105282,80.80832778586479,81.95333862304688,2529800
2024-02-14 00:00:00-05:00,82.24207867001022,83.07844275762253,81.98320316713794,82.80960845947266,2214800
2024-02-15 00:00:00-05:00,83.57628495454182,85.36848087973631,83.56135055822372,85.25895690917969,2346100
2024-02-16 00:00:00-05:00,83.14814414759992,86.91176377804861,83.12822655584324,85.64726257324219,13131800
2024-02-20 00:00:00-05:00,85.55766487189936,86.43384908962003,85.20918294418867,86.01567077636719,6372600
2024-02-21 00:00:00-05:00,82.6403544140014,84.84077739707897,81.70442507776237,84.61177825927734,5838000
2024-02-22 00:00:00-05:00,85.07972590206488,87.71824446864125,84.63665447533236,87.26023864746094,4154900
2024-02-23 00:00:00-05:00,87.02128959439582,89.34119532157874,86.8570036424191,88.68405151367188,3815600
2024-02-26 00:00:00-05:00,88.55461244981657,90.31693943949125,88.40526090240867,90.22733306884766,3805100
2024-02-27 00:00:00-05:00,89.61997649115182,92.17884002593786,89.1012303483693,92.11909484863281,3993400
2024-02-28 00:00:00-05:00,91.85027552597262,93.5518699675695,91.60135879012988,92.61693572998047,3431900
2024-02-29 00:00:00-05:00,92.90567055148706,92.93553934131906,88.48491494064221,90.88446807861328,6144000
2024-03-01 00:00:00-05:00,90.65548287659257,92.6567680659289,90.18253497719427,92.31824493408203,2696200
2024-03-04 00:00:00-05:00,92.53728279901289,93.09485382424518,92.02451496052201,92.32819366455078,2615200
2024-03-05 00:00:00-05:00,92.31823858839564,93.09485757521365,91.12343371946844,91.41217803955078,2804900
2024-03-06 00:00:00-05:00,91.16326617885169,93.67235122022232,91.05374220343984,92.69659423828125,2521200
2024-03-07 00:00:00-05:00,92.79614491605389,93.14463438136339,91.59138897112213,92.25849151611328,3014400
2024-03-08 00:00:00-05:00,92.39790107416262,94.09053194360833,92.08923913719865,93.46326446533203,2853900
2024-03-11 00:00:00-04:00,93.40350308399448,93.65241979200754,91.7307825022933,92.59701538085938,2123200
2024-03-12 00:00:00-04:00,91.79052622673598,92.09918050896586,91.30264401738137,91.42212677001953,3042200
2024-03-13 00:00:00-04:00,87.18059924796678,88.97777846947926,86.17498105703218,88.09661865234375,14434500
2024-03-14 00:00:00-04:00,87.71824365956559,88.65417288344725,87.37972059342489,87.94725036621094,4859000
2024-03-15 00:00:00-04:00,87.86760573379567,89.34119611851787,87.54899262309029,89.0225830078125,7314600
2024-03-18 00:00:00-04:00,89.51044656531361,90.56585093925632,89.1062076081005,90.21736907958984,2843900
2024-03-19 00:00:00-04:00,90.20741449099827,90.60568274761748,89.96845657556082,90.38663482666016,2996500
2024-03-20 00:00:00-04:00,90.0879429424962,90.71521034428834,89.75937104788987,90.49616241455078,2016900
2024-03-21 00:00:00-04:00,90.8546035826701,91.78057409290032,90.72516962183585,90.80481719970703,2754900
2024-03-22 00:00:00-04:00,91.06370140993347,91.50179731355198,88.982761060418,89.34120178222656,6178000
2024-03-25 00:00:00-04:00,89.4208453981828,89.70958972217394,87.86760740352031,87.89747619628906,2436000
2024-03-26 00:00:00-04:00,88.09661168206031,88.95587119368219,87.31998511007883,88.68405151367188,2845200
2024-03-27 00:00:00-04:00,89.5701887766002,90.29702891836916,89.32624766404493,89.91867065429688,2629100
2024-03-28 00:00:00-04:00,89.80913743060641,90.7550253968958,89.26152527822939,90.51606750488281,2108000
2024-04-01 00:00:00-04:00,90.9143452520965,91.06369681136408,88.8035362150788,89.14205932617188,1958200
2024-04-02 00:00:00-04:00,88.46499412874839,88.85330357509591,87.47928611850735,87.72820281982422,3010700
2024-04-03 00:00:00-04:00,87.86759195464353,89.65979516902279,87.7281992153401,88.64421081542969,4403900
2024-04-04 00:00:00-04:00,89.75937030916235,90.44637528747045,87.48925104935736,87.578857421875,2728200
2024-04-05 00:00:00-04:00,87.5788624009439,89.11219038732521,87.46933843074981,88.08665466308594,1592500
2024-04-08 00:00:00-04:00,88.34551754540433,88.46001709918511,87.24032680171932,87.3299331665039,1692400
2024-04-09 00:00:00-04:00,87.74813204953001,87.85765602982588,86.07541114613639,86.56329345703125,4172700
2024-04-10 00:00:00-04:00,85.01004547551602,86.32432560780055,84.87065270363254,85.02000427246094,2926100
2024-04-11 00:00:00-04:00,86.10526712993844,88.53468892605923,85.23903429008715,87.82776641845703,3071000
2024-04-12 00:00:00-04:00,86.69272099015132,87.15072687536649,85.68211964410357,85.90614318847656,2227900
2024-04-15 00:00:00-04:00,87.22042176731453,87.52908368189642,85.14943272460386,85.75679016113281,1983600
2024-04-16 00:00:00-04:00,85.45809474627062,86.06545218356064,84.98017127568627,85.50787353515625,1868200
2024-04-17 00:00:00-04:00,85.69705362241432,85.87627397630527,84.79100065287496,84.82086944580078,1711600
2024-04-18 00:00:00-04:00,85.00012866235433,85.7820060368919,84.28300245514204,84.63160705566406,1815300
2024-04-19 00:00:00-04:00,84.66150509383324,85.26907650301584,83.76508763774319,84.15353393554688,2022700
2024-04-22 00:00:00-04:00,84.47225197438006,84.74118098739791,83.84476360902403,83.9742431640625,2113700
2024-04-23 00:00:00-04:00,84.65153859686929,86.30493155611184,84.4523381049418,85.89656066894531,1951300
2024-04-24 00:00:00-04:00,85.76707011722904,86.93240880358016,85.45830711460883,86.37464141845703,2020300
2024-04-25 00:00:00-04:00,85.65752334665822,86.32983834276298,84.40253890013496,85.60771942138672,1362900
2024-04-26 00:00:00-04:00,85.02006786584799,86.55393597052705,84.8208673739205,85.89656066894531,1790600
2024-04-29 00:00:00-04:00,85.95632194348339,88.82484989663624,85.95632194348339,88.58580780029297,4353000
2024-04-30 00:00:00-04:00,80.71726592196997,81.9722502055755,75.7770196170443,75.9363784790039,14433600
2024-05-01 00:00:00-04:00,76.21528015238542,78.81488726742135,76.19536313957474,77.94835662841797,5303300
2024-05-02 00:00:00-04:00,78.87463456508884,79.05391803338837,76.88259940576556,77.52005004882812,2995700
2024-05-03 00:00:00-04:00,78.18738793996943,79.74117309027739,78.18738793996943,79.15352630615234,2722700
2024-05-06 00:00:00-04:00,79.28300017071089,79.68140873418407,78.33678648159697,79.48220825195312,2389700
2024-05-07 00:00:00-04:00,79.68142241970139,81.35473259447562,79.3527347284571,81.10572814941406,3225500
2024-05-08 00:00:00-04:00,80.68738706552442,81.25013183635086,79.93041156966491,80.7869873046875,2748400
2024-05-09 00:00:00-04:00,81.17544568047455,82.43043015859551,80.8368032969408,82.40055084228516,1952700
2024-05-10 00:00:00-04:00,82.83878369740312,83.14655125767263,82.38061650372074,83.06787109375,1856300
2024-05-13 00:00:00-04:00,83.55592478595842,83.66548734158862,80.25910860930111,80.70731353759766,1885300
2024-05-14 00:00:00-04:00,80.6774326536773,81.364687289448,79.98022331232436,80.1993408203125,2500700
2024-05-15 00:00:00-04:00,80.86668254145928,81.91249660645472,79.82086087745155,81.58381652832031,1956200
2024-05-16 00:00:00-04:00,81.17543657665651,81.63858112554999,80.57782752043434,80.98619079589844,1627100
2024-05-17 00:00:00-04:00,80.6774284373796,81.55392122056132,80.0997363852998,81.53400421142578,1321000
2024-05-20 00:00:00-04:00,81.64355591360753,82.34076512590569,81.1455471622487,81.42443084716797,1248500
2024-05-21 00:00:00-04:00,81.42443982983303,81.67344423298238,80.7770268618425,81.61368560791016,1150200
2024-05-22 00:00:00-04:00,81.24514853783752,81.56387383923906,80.0499305573344,80.29893493652344,1633600
2024-05-23 00:00:00-04:00,80.65749896721776,80.65749896721776,78.91446837520253,79.01406860351562,2034900
2024-05-24 00:00:00-04:00,79.52203537771247,79.94036851256226,78.59574637650178,79.53199768066406,1433900
2024-05-28 00:00:00-04:00,79.05392744635705,79.40253212094484,78.18738931322855,78.43639373779297,1854800
2024-05-29 00:00:00-04:00,77.75910449620771,78.60571805364546,77.59974560962536,78.13758850097656,2397000
2024-05-30 00:00:00-04:00,77.68936566104378,78.61566224788588,76.63358953374373,78.25709533691406,2750100
2024-05-31 00:00:00-04:00,78.41647306034633,78.41647306034633,76.60372123824887,77.68937683105469,7002100
2024-06-03 00:00:00-04:00,77.74913022929394,78.48618871325327,75.94634083268684,76.84275817871094,3059500
2024-06-04 00:00:00-04:00,76.7431589350491,77.51008914163981,75.94634181736083,77.2112808227539,1967200
2024-06-05 00:00:00-04:00,77.15152750984409,77.47025285905883,76.31487631778478,76.65351867675781,2637500
2024-06-06 00:00:00-04:00,76.34475471582506,76.84276354293544,75.4582996114895,76.693359375,2474900
2024-06-07 00:00:00-04:00,76.41447177741084,76.72323480289728,75.6076999500372,76.03598022460938,2357000
2024-06-10 00:00:00-04:00,75.66745621972996,75.70729783452236,74.920443040147,75.47821044921875,2115500
2024-06-11 00:00:00-04:00,75.24913941947635,75.24913941947635,74.21328011136637,74.4423599243164,2655600
2024-06-12 00:00:00-04:00,74.9005197802888,75.92642428186895,74.71128160538528,75.6674575805664,3081600
2024-06-13 00:00:00-04:00,74.87064359885309,77.02204533222202,74.84076428572489,76.68339538574219,2530200
2024-06-14 00:00:00-04:00,75.89653303165339,76.3049038680134,74.81087756739808,76.18537902832031,2576800
2024-06-17 00:00:00-04:00,75.95630909362092,77.54993583431472,75.6575007551732,77.24117279052734,2190500
2024-06-18 00:00:00-04:00,77.00212170218698,78.40651022914285,76.86267983980986,77.95829772949219,2032500
2024-06-20 00:00:00-04:00,77.68937416685554,79.78100964385322,77.5399700044247,79.12364196777344,3408100
2024-06-21 00:00:00-04:00,79.51209641206759,79.78101785290464,78.17742871576945,78.85472106933594,5115500
2024-06-24 00:00:00-04:00,79.01408733123183,79.32285039188774,78.34675728445391,78.53599548339844,2270100
2024-06-25 00:00:00-04:00,78.66547592847098,78.96427665870036,78.05790456495635,78.49614715576172,1798500
2024-06-26 00:00:00-04:00,78.54595261942058,78.97424051360352,77.6545125657203,77.68937683105469,2426200
2024-06-27 00:00:00-04:00,77.69933172637644,78.784987215661,77.57980688392777,78.506103515625,2192600
2024-06-28 00:00:00-04:00,78.89455914757146,79.33081841528848,76.92244840595058,77.60969543457031,9422500
2024-07-01 00:00:00-04:00,78.03797181453432,78.03797181453432,75.91645721511578,75.956298828125,3081400
2024-07-02 00:00:00-04:00,75.95630293796019,76.40450781029656,75.37861091658492,76.0260238647461,2171300
2024-07-03 00:00:00-04:00,76.06587304521852,77.04196611730079,76.00610681702135,76.93240356445312,1346700
2024-07-05 00:00:00-04:00,76.89256229042944,76.9423662143153,76.24515687398451,76.75312042236328,1689500
2024-07-08 00:00:00-04:00,76.69336488481912,77.33081562139535,76.00611022234918,76.04595184326172,1662000
2024-07-09 00:00:00-04:00,76.04595505507885,76.69336812397988,75.43838360877308,76.56388854980469,2152500
2024-07-10 00:00:00-04:00,76.62363120553431,78.90451233013633,76.62363120553431,78.8248291015625,2475300
2024-07-11 00:00:00-04:00,78.87465259904594,80.39855862851346,78.87465259904594,79.62166595458984,2540600
2024-07-12 00:00:00-04:00,79.97025893519535,81.00113326312301,79.62165427355342,79.96029663085938,2579000
2024-07-15 00:00:00-04:00,79.93041750264304,80.30890147916087,79.53200891740696,79.87065887451172,2483200
2024-07-16 00:00:00-04:00,80.12961674622946,82.62962317056481,79.87065762902414,82.31089782714844,3524300
2024-07-17 00:00:00-04:00,82.26108829116421,83.28699278181445,81.63359995135869,82.14157104492188,2567800
2024-07-18 00:00:00-04:00,81.62364726280582,83.17245508623242,80.56787093523944,80.65751647949219,3233900
2024-07-19 00:00:00-04:00,80.93649947623462,81.09093820701065,79.62126926333754,80.14935302734375,2428200
2024-07-22 00:00:00-04:00,80.78702578306546,81.0859371961629,79.81056358923061,80.93648529052734,2439400
2024-07-23 00:00:00-04:00,80.58775776227915,80.91656721486628,80.20913353319037,80.5279769897461,1529000
2024-07-24 00:00:00-04:00,80.70732565460185,81.19555302696365,79.34227308897104,79.40206146240234,2517000
2024-07-25 00:00:00-04:00,80.11946823281109,80.76711358748281,79.44192488785903,79.63123321533203,2512400
2024-07-26 00:00:00-04:00,80.44826001293526,81.39284026010037,79.7109359835986,80.2091293334961,2532900
2024-07-29 00:00:00-04:00,80.38847238141996,82.16104350008442,80.22904687418456,81.75352478027344,2790400
2024-07-30 00:00:00-04:00,82.24176098811999,83.77619745300329,80.7073245232367,82.35136413574219,5269100
2024-07-31 00:00:00-04:00,79.8105874088713,87.93114198508323,79.71095024143523,84.32421875,8043400
2024-08-01 00:00:00-04:00,83.79613107192235,84.69288074131367,81.9229265639491,83.09866333007812,3561600
2024-08-02 00:00:00-04:00,82.50082475502592,83.22818281504883,80.50306448481813,83.13851165771484,2986200
2024-08-05 00:00:00-04:00,81.6738272295902,82.07238347004021,79.4518813203153,81.22544860839844,3589100
2024-08-06 00:00:00-04:00,81.81332239213906,82.63035928040394,80.87671634882511,81.2553482055664,2686700
2024-08-07 00:00:00-04:00,81.93289447389725,82.36134112584233,78.4953552612695,79.05332946777344,2401200
2024-08-08 00:00:00-04:00,79.63123030702711,82.10227288714215,79.39209960631531,82.0225601196289,1632600
2024-08-09 00:00:00-04:00,82.02256372680853,83.16841010426255,81.0211976970547,83.09866333007812,1584300
2024-08-12 00:00:00-04:00,82.89938300467396,82.89938300467396,81.41476872444007,82.0723876953125,1564400
2024-08-13 00:00:00-04:00,82.88941289528846,84.18471105809535,82.22182802173414,83.8658676147461,1766200
2024-08-14 00:00:00-04:00,83.8858033051163,83.92565968752092,82.45100394586028,83.16840362548828,1904600
2024-08-15 00:00:00-04:00,83.66660211185638,85.62948535463764,83.66660211185638,84.9917984008789,2319400
2024-08-16 00:00:00-04:00,84.62313411914992,84.8423404389314,83.85591960174303,84.49360656738281,1341700
2024-08-19 00:00:00-04:00,84.39394767546428,85.30066319154001,83.84593956957218,85.28073120117188,1439000
2024-08-20 00:00:00-04:00,84.85230424301406,85.39034642988297,83.53706635831382,83.63671112060547,1464200
2024-08-21 00:00:00-04:00,84.33417684372459,84.33417684372459,83.23815290098693,84.17475891113281,984300
2024-08-22 00:00:00-04:00,84.4736696545138,84.4736696545138,83.64666680598017,84.06515502929688,944800
2024-08-23 00:00:00-04:00,84.6928772698754,85.26081743690615,83.6466680981634,84.47367095947266,1511800
2024-08-26 00:00:00-04:00,84.33417480544527,85.11135526238773,83.86587181169078,84.1847152709961,1475100
2024-08-27 00:00:00-04:00,84.22456489343428,84.39394880469499,83.72637155314251,84.1050033569336,1208100
2024-08-28 00:00:00-04:00,84.11496687668175,84.11496687668175,83.02890897753456,83.62673950195312,1131300
2024-08-29 00:00:00-04:00,83.94558326302518,84.69287332174648,83.3776431224701,83.77619934082031,1264700
2024-08-30 00:00:00-04:00,84.14485347277252,84.57330005631046,83.28796030569666,84.51351928710938,1838600
2024-09-03 00:00:00-04:00,84.25446825389669,85.2578335662825,84.02530353909115,84.49360656738281,1963900
2024-09-04 00:00:00-04:00,83.90572967439263,87.40304939415259,83.90572967439263,87.2336654663086,2008000
2024-09-05 00:00:00-04:00,87.08420489804855,88.18022882065155,86.36680520999488,86.97460174560547,2321000
2024-09-06 00:00:00-04:00,86.91482168827602,87.43293946623466,84.70284183249593,84.78254699707031,2696500
2024-09-09 00:00:00-04:00,85.05157729615196,86.14760124856996,84.41389035649685,84.81244659423828,1659600
2024-09-10 00:00:00-04:00,84.9021074519334,85.42023277865914,84.53344164644881,85.24088287353516,1558900
2024-09-11 00:00:00-04:00,84.95193515049738,87.09416815100913,82.83959253574177,86.87496185302734,2630300
2024-09-12 00:00:00-04:00,86.70557693363801,87.15395555960845,85.72912211604816,87.14398956298828,1393200
2024-09-13 00:00:00-04:00,86.29705871163209,86.83510847936329,85.40030909874676,86.59597778320312,10515100
2024-09-16 00:00:00-04:00,86.83511713422465,86.93475430073657,85.54479796359811,86.32695770263672,4680200
2024-09-17 00:00:00-04:00,86.32694275790679,87.871345177878,86.03798970376513,86.47640228271484,3144200
2024-09-18 00:00:00-04:00,87.10412367785364,89.36592574876622,86.68066389053459,88.21011352539062,3508400
2024-09-19 00:00:00-04:00,89.34599247751021,90.46194830459045,88.4492429380553,90.29256439208984,3128100
2024-09-20 00:00:00-04:00,90.02353552124131,90.80071591969666,89.27126631029074,89.95378875732422,9492300
2024-09-23 00:00:00-04:00,90.17300387186748,91.2829771670769,90.00361994317669,90.55162811279297,2908800
2024-09-24 00:00:00-04:00,90.67119634219303,92.0063509691238,89.47553525533479,91.87682342529297,3537800
2024-09-25 00:00:00-04:00,92.4547210210667,93.1920450363265,91.81703415351869,92.6739273071289,4044700
2024-09-26 00:00:00-04:00,90.69111777037268,92.38497979022334,89.05704412419138,92.15580749511719,5273200
2024-09-27 00:00:00-04:00,92.34511727001731,94.208363087451,91.5579708851708,91.65760803222656,12623800
2024-09-30 00:00:00-04:00,92.17574770246716,93.97920543082536,92.05617854629895,93.51090240478516,3977300
2024-10-01 00:00:00-04:00,93.48100876347952,93.48100876347952,90.820657846388,91.33877563476562,2615400
2024-10-02 00:00:00-04:00,91.2989164830219,92.14585131420282,90.64130517148483,90.71105194091797,1763400
2024-10-03 00:00:00-04:00,90.18296532330292,90.51176716777108,89.196536984416,89.55523681640625,2592900
2024-10-04 00:00:00-04:00,90.31250301001613,91.13950591568921,89.59510326542399,91.08968353271484,1988600
2024-10-07 00:00:00-04:00,90.67119460429144,90.97011367119049,89.39083397666127,89.73458862304688,2623400
2024-10-08 00:00:00-04:00,89.91394133203137,90.68813428952498,89.53531709046462,90.36231994628906,2075400
2024-10-09 00:00:00-04:00,90.47192221974538,90.69112092473185,89.66983056171735,90.44202423095703,2122900
2024-10-10 00:00:00-04:00,89.9737267973046,90.53170094615587,89.47054662208984,89.92390441894531,2269300
2024-10-11 00:00:00-04:00,90.3523540967782,91.27899411222334,90.06340101649661,90.70108795166016,1372100
2024-10-14 00:00:00-04:00,90.72101555178851,91.4683056054216,90.24274657265923,91.28895568847656,1342800
2024-10-15 00:00:00-04:00,91.55797695297244,91.62274452367318,90.28260314175117,90.38224029541016,2474300
2024-10-16 00:00:00-04:00,90.71105696856493,90.79076973857165,89.6399365763985,89.8940200805664,1823100
2024-10-17 00:00:00-04:00,90.41213141294284,90.59148133171136,89.93387003077854,90.4918441772461,1711100
2024-10-18 00:00:00-04:00,89.76423623085427,91.279248736782,89.68948557616737,91.04003143310547,1609500
2024-10-21 00:00:00-04:00,90.59152090611985,91.14967945906731,89.22601718412771,89.5051040649414,1675400
2024-10-22 00:00:00-04:00,88.96686950879001,89.26587973684147,87.40700658415074,89.0167007446289,2210200
2024-10-23 00:00:00-04:00,88.35886755821979,90.06325086367849,87.82064005054772,88.99676513671875,2116600
2024-10-24 00:00:00-04:00,89.2658837293529,89.68451023429144,88.30903726898138,88.6080551147461,1291700
2024-10-25 00:00:00-04:00,88.96687647613918,89.35559512608573,88.0100299836292,88.12963104248047,2035500
2024-10-28 00:00:00-04:00,86.37541026981901,86.67940134282439,84.62118802000928,85.6478042602539,4223700
2024-10-29 00:00:00-04:00,85.37869357016439,86.41527148629443,84.73082666932858,84.9899673461914,3762300
2024-10-30 00:00:00-04:00,89.43533321136796,89.86392141080677,85.51823888767747,86.91363525390625,4700400
2024-10-31 00:00:00-04:00,85.83718445052774,87.85552826218792,85.71757579325397,87.06314086914062,3259500
2024-11-01 00:00:00-04:00,86.92360753588228,88.14957164766209,86.43521879088908,86.66445922851562,3383300
2024-11-04 00:00:00-05:00,87.31232018401894,87.63126900022851,86.26577294536551,86.7043228149414,1431700
2024-11-05 00:00:00-05:00,86.52491302717256,87.9003859660104,86.52491302717256,87.88044738769531,1656200
2024-11-06 00:00:00-05:00,89.62469790315588,89.70443700553558,84.79560782766359,86.49501037597656,4163100
2024-11-07 00:00:00-05:00,86.82393742939546,88.58812152664107,86.65050524404013,88.03993225097656,2497300
2024-11-08 00:00:00-05:00,88.50838426074864,88.81736378882273,85.55809819496268,85.65777587890625,10190500
2024-11-11 00:00:00-05:00,86.71429440653425,86.86380333155141,84.19260407324549,85.10958099365234,4367000
2024-11-12 00:00:00-05:00,85.1394865850525,85.62788294429066,84.44178836376982,84.64112854003906,3918900
2024-11-13 00:00:00-05:00,84.84047233776053,85.12453245582586,82.98159144200174,83.90355682373047,3014800
2024-11-14 00:00:00-05:00,83.37528815682182,84.41187362524677,82.42840347103665,82.6476821899414,3061100
2024-11-15 00:00:00-05:00,82.53804034608879,82.54800963419501,81.25227593658076,81.49149322509766,3768400
2024-11-18 00:00:00-05:00,81.63104218059657,83.2108361331023,81.61609204889616,82.44834899902344,2918000
2024-11-19 00:00:00-05:00,81.73071915922073,82.95668329251875,81.44167058138069,82.24900817871094,2513600
2024-11-20 00:00:00-05:00,82.22907292613695,85.00991157761436,82.13937213302793,84.6211929321289,6103400
2024-11-21 00:00:00-05:00,84.32217299799639,84.98000921524789,81.57123467880415,81.730712890625,4930600
2024-11-22 00:00:00-05:00,81.69085391280264,82.30882065709662,80.29544979608954,82.16928100585938,5934900
2024-11-25 00:00:00-05:00,83.0862556704586,83.2257953177339,81.6310510600586,82.38855743408203,5272900
2024-11-26 00:00:00-05:00,82.50814652521858,83.15601342458662,82.11942790646563,82.2390365600586,2040900
2024-11-27 00:00:00-05:00,82.57792332242607,83.62945906063318,82.44636063625285,82.72743225097656,1808000
2024-11-29 00:00:00-05:00,82.97660894320511,83.23575723848911,82.61779056645487,82.94670867919922,1277700
2024-12-02 00:00:00-05:00,82.61778857995249,82.97660694807513,82.11943058026435,82.80716705322266,2247000
2024-12-03 00:00:00-05:00,82.20913496890425,82.78722444107756,81.76459290218875,82.29883575439453,2026700
2024-12-04 00:00:00-05:00,82.34867761350989,82.93673639597121,82.22906895746408,82.73739624023438,1932700
2024-12-05 00:00:00-05:00,82.48822507196802,83.05635293450983,81.0928210363603,81.29714965820312,2269200
2024-12-06 00:00:00-05:00,81.10278351295256,81.70081159101832,80.2057375936841,80.97320556640625,3177200
2024-12-09 00:00:00-05:00,81.09282250334905,81.85032886855504,80.7938046316166,81.63105010986328,2372600
2024-12-10 00:00:00-05:00,82.1493314718555,82.72742858095671,81.37687504556297,82.08953094482422,3124600
2024-12-11 00:00:00-05:00,81.78055044134314,83.05634569840258,81.51143286423054,82.4782485961914,3890100
2024-12-12 00:00:00-05:00,82.05962897073282,82.34867751925806,80.574516676137,81.36192321777344,2370000
2024-12-13 00:00:00-05:00,81.13268943187109,81.22239022788108,80.35525211575737,80.83367156982422,2836000
2024-12-16 00:00:00-05:00,80.49479445413381,81.5114415313471,79.82698888709746,80.02633666992188,2908800
2024-12-17 00:00:00-05:00,80.07617066054655,80.56456704197264,78.94988416521134,78.98975372314453,3557100
2024-12-18 00:00:00-05:00,79.10934892840689,80.10606489402166,76.72719837893472,76.83683013916016,3264100
2024-12-19 00:00:00-05:00,77.05611917480428,77.92326491843495,76.69730077084266,77.17572784423828,3384400
2024-12-20 00:00:00-05:00,77.31525274594048,78.77045706035247,76.63848179213994,78.6508560180664,11179900
2024-12-23 00:00:00-05:00,78.5212876756076,79.08941550888783,77.27539263733168,79.01964569091797,2495700
2024-12-24 00:00:00-05:00,79.27878967308445,79.52796866717725,78.47643300793207,79.09938049316406,1035700
2024-12-26 00:00:00-05:00,78.84022959494477,79.91668463876086,78.71564010203103,79.44822692871094,1622000
2024-12-27 00:00:00-05:00,79.05950003622738,79.60769678934977,78.63091192133307,79.2488784790039,1533000
2024-12-30 00:00:00-05:00,78.86016972812219,78.90003927916189,77.3451572059706,78.34187316894531,1850600
2024-12-31 00:00:00-05:00,78.74056272298145,79.00967269270758,77.7139464763255,77.92325592041016,1877800
2025-01-02 00:00:00-05:00,78.66082428909787,78.66082428909787,77.46476814004598,78.12259674072266,2658500
2025-01-03 00:00:00-05:00,78.29204531381362,80.35524714208053,78.132567102769,80.25556945800781,2712600
2025-01-06 00:00:00-05:00,80.25555088683679,82.12938141130753,80.15588083016742,81.45161437988281,3746500
2025-01-07 00:00:00-05:00,81.61110200367119,83.16598410911548,81.18251382652826,83.0962142944336,3382000
2025-01-08 00:00:00-05:00,84.3720093782773,87.01330825085381,84.01319101649047,85.97672271728516,4432600
2025-01-10 00:00:00-05:00,85.09959499641087,85.78733135386146,84.12281773950544,84.48163604736328,3792000
2025-01-13 00:00:00-05:00,84.86040265198552,85.26407142965847,83.6214883916428,85.07968139648438,2903800
2025-01-14 00:00:00-05:00,85.64304909074822,85.74276004998691,83.57900104392718,83.88810729980469,2821300
2025-01-15 00:00:00-05:00,84.97497635919348,86.002013682205,82.6217612312924,83.41946411132812,4148700
2025-01-16 00:00:00-05:00,83.51917498883148,85.10459976186222,83.13926612076568,84.75560760498047,2115900
2025-01-17 00:00:00-05:00,86.09175130277727,86.09175130277727,84.33681713780697,84.49635314941406,2855000
2025-01-21 00:00:00-05:00,84.89519590204279,87.36806849229322,84.39663355466999,87.0888671875,2861800
2025-01-22 00:00:00-05:00,86.96922649076565,88.01620296890978,86.5035663475963,87.07891082763672,2381200
2025-01-23 00:00:00-05:00,87.0789243763619,88.41506816801684,86.61027442907825,87.90653991699219,1696900
2025-01-24 00:00:00-05:00,87.25840103703817,88.52474629690762,86.76980436478236,88.4150619506836,2008400
2025-01-27 00:00:00-05:00,88.62445414640415,89.43213044995461,87.91649641406504,88.73413848876953,2376800
2025-01-28 00:00:00-05:00,88.49483073312764,89.06319159522796,87.44784659414651,87.52761840820312,2406800
2025-01-29 00:00:00-05:00,87.53759467997928,88.35523678243577,87.28831345840767,87.59741973876953,1336100
2025-01-30 00:00:00-05:00,88.2954165629691,89.49196344910985,88.15581967983465,89.29254150390625,1618700
2025-01-31 00:00:00-05:00,88.8737351633679,89.54181459469866,87.96635550552647,88.04612731933594,1775500
2025-02-03 00:00:00-05:00,87.15868899734554,88.23557808094866,86.11170483534745,87.2583999633789,2142300
2025-02-04 00:00:00-05:00,87.4378860335058,87.77690485226059,86.51055956034917,86.68006896972656,2488900
2025-02-05 00:00:00-05:00,86.75982892086051,87.5375850292252,86.05187124254245,86.91936492919922,2346900
2025-02-06 00:00:00-05:00,87.25839938002576,90.47910844538062,87.11381201390378,88.29541015625,3252700
2025-02-07 00:00:00-05:00,88.54469188225185,89.10307937748196,87.2464333483828,87.38802337646484,1671400
2025-02-10 00:00:00-05:00,87.74698311941964,88.02617684851533,86.61524433205237,87.24842071533203,2036400
2025-02-11 00:00:00-05:00,86.56040883495568,87.72705073210822,86.48562751156219,86.77977752685547,2392400
2025-02-12 00:00:00-05:00,85.69290867143887,86.42080552311974,85.25417132031599,85.65302276611328,3656300
2025-02-13 00:00:00-05:00,89.7412298488869,94.5274318171442,89.38226432089469,93.21122741699219,7832700
2025-02-14 00:00:00-05:00,92.9320290542545,92.942002432422,90.9178402895575,91.94487762451172,3946400
2025-02-18 00:00:00-05:00,91.98476621795913,92.99186443346916,91.86012561332775,92.40355682373047,3262700
2025-02-19 00:00:00-05:00,92.01466711399868,92.88216835125455,91.33662200621954,92.25397491455078,3284000
2025-02-20 00:00:00-05:00,92.06454127677861,92.87220998888041,91.27681171483901,91.82522583007812,2341200
2025-02-21 00:00:00-05:00,91.27680520740088,91.47622712464144,90.16999606956124,90.82809448242188,2854700
2025-02-24 00:00:00-05:00,90.3794069032527,91.43635693976759,90.1111830851822,90.30960845947266,2769000
2025-02-25 00:00:00-05:00,90.82809815736178,91.12723865278446,89.75120911024952,90.54890441894531,2310900
2025-02-26 00:00:00-05:00,90.11016945748433,91.38648796365122,89.89578367307283,90.44918823242188,1845500
2025-02-27 00:00:00-05:00,89.85091729740196,91.93291134595935,89.02330187876197,89.14295959472656,3926200
2025-02-28 00:00:00-05:00,89.70135053021346,90.00049102798727,85.64305269785717,87.0988540649414,4214400
2025-03-03 00:00:00-05:00,87.23844964463498,88.72417112548383,86.04190288615925,86.2014389038086,3556300
2025-03-04 00:00:00-05:00,86.37095224948438,86.37095224948438,82.47219065993127,84.06758880615234,3998900
2025-03-05 00:00:00-05:00,83.75848700361118,85.24220773877504,83.54909169899722,84.51630401611328,3111100
2025-03-06 00:00:00-05:00,83.7584866626291,85.623112854399,83.37958196165,85.16443634033203,3946100
2025-03-07 00:00:00-05:00,85.25417329986904,86.69003549509574,84.45647038975225,86.33106994628906,4076700
2025-03-10 00:00:00-04:00,85.52837830837967,87.08887339379224,84.62598161251984,85.11457061767578,3552100
2025-03-11 00:00:00-04:00,87.08887866302081,88.97345158327731,84.69578516626459,85.34391021728516,4276600
2025-03-12 00:00:00-04:00,85.47354648907681,85.84247782831271,83.51419213120025,83.5490951538086,2819700
2025-03-13 00:00:00-04:00,83.39953411915323,83.87815746487323,80.92666838740328,81.21582794189453,3605700
2025-03-14 00:00:00-04:00,81.91381200982893,82.09329479602506,80.16984001298533,81.73432922363281,5207300
2025-03-17 00:00:00-04:00,81.60470131741522,82.6566684318589,81.38534022120545,82.23289489746094,2526800
2025-03-18 00:00:00-04:00,81.92378586961098,82.14314695850737,80.99645940339965,81.90383911132812,2899900
2025-03-19 00:00:00-04:00,81.64457677566877,82.38743749845491,81.5448658160731,82.1630859375,3124200
2025-03-20 00:00:00-04:00,81.81409877179085,82.4422847023213,81.31553633590538,81.57478332519531,2731100
2025-03-21 00:00:00-04:00,80.91668796928444,81.59473321239365,79.91956305926851,81.25570678710938,4304400
2025-03-24 00:00:00-04:00,81.91381392914774,82.55197327114014,81.24574205666497,81.46510314941406,4453600
2025-03-25 00:00:00-04:00,81.72435321573525,82.6516796466762,81.24573753958065,82.22291564941406,3730100
2025-03-26 00:00:00-04:00,82.16308128012396,82.62175775423106,80.25358646264426,80.76710510253906,2859100
2025-03-27 00:00:00-04:00,81.15598871249372,82.56193836410752,80.93662003430218,81.42521667480469,3074600
2025-03-28 00:00:00-04:00,81.18590270179438,81.55284847732122,79.55560906466458,79.77996063232422,3189800
2025-03-31 00:00:00-04:00,79.47084522073136,80.77708390980659,78.97228281004307,80.47794342041016,4151200
2025-04-01 00:00:00-04:00,80.13891989393044,80.6075621420003,79.10190922812447,79.34121704101562,2996300
2025-04-02 00:00:00-04:00,78.55349407221308,79.6503298802256,78.47372225882266,79.13182830810547,2806100
2025-04-03 00:00:00-04:00,76.31495663808569,76.36979120353742,70.24744502521126,71.7929916381836,9331400
2025-04-04 00:00:00-04:00,63.177833448192274,63.6135772976748,57.87312935371147,60.33602523803711,16890600
2025-04-07 00:00:00-04:00,60.355967342171375,63.56172396083895,58.6857839407343,60.81464767456055,9299600
2025-04-08 00:00:00-04:00,63.008314086966706,64.2447504997407,57.88309327689857,58.58108139038086,7418900
2025-04-09 00:00:00-04:00,57.53410340110565,65.3415888351944,57.484247920395404,64.79317474365234,8488500
2025-04-10 00:00:00-04:00,63.50688283144028,64.01541485135239,59.525363117956175,62.10093688964844,7636300
2025-04-11 00:00:00-04:00,62.16075991884591,63.414145756666606,60.68401910053319,62.62940979003906,7221500
2025-04-14 00:00:00-04:00,63.73621463431781,64.59873305345873,63.05817327779009,64.20486450195312,4896000
2025-04-15 00:00:00-04:00,64.31455157114145,64.61369206329304,62.47984173076126,62.918575286865234,5405800
2025-04-16 00:00:00-04:00,62.91857917533323,63.51186970337632,60.525481716328834,61.30323791503906,6206900
2025-04-17 00:00:00-04:00,61.811769136003555,62.659323709737,61.522602025914054,62.190673828125,4474000
2025-04-21 00:00:00-04:00,61.55251644273086,61.62730156711579,59.77763542955756,60.30611038208008,5755100
2025-04-22 00:00:00-04:00,61.41291894309374,62.160762571819326,60.57533392677192,61.472747802734375,4508800
2025-04-23 00:00:00-04:00,64.31455209727814,66.88713600695937,64.09020053005845,64.70343017578125,6292800
2025-04-24 00:00:00-04:00,64.85300271105734,67.19624464321991,64.5837747349285,66.88713836669922,6555800
2025-04-25 00:00:00-04:00,68.83752433388871,70.65323843939788,67.77004418853052,68.2588882446289,5508600
2025-04-28 00:00:00-04:00,68.16911130704219,68.63800585804447,67.12158060325284,67.90972137451172,3896300
2025-04-29 00:00:00-04:00,67.72016001284086,68.37860956227506,66.95197648326388,67.9296646118164,5692100
2025-04-30 00:00:00-04:00,72.32929460700646,72.42905762900584,69.67555407552473,70.1644058227539,12759300
2025-05-01 00:00:00-04:00,70.15441993482642,70.75300561594729,67.47075153722811,67.51065826416016,8115300
2025-05-02 00:00:00-04:00,69.73540831732575,71.04232123075985,69.20665752368996,70.36392211914062,7209400
2025-05-05 00:00:00-04:00,69.7653440346778,70.42378604930575,69.02708856026752,69.2066650390625,5927300
2025-05-06 00:00:00-04:00,68.3187483300491,68.81757094235212,66.91206490986869,66.93201446533203,5677400
2025-05-07 00:00:00-04:00,67.31611716734723,69.14679543582784,66.79235184643869,68.65795135498047,5304500
2025-05-08 00:00:00-04:00,69.32637566386339,71.2318820024639,68.94727315772523,70.33399963378906,6022300
2025-05-09 00:00:00-04:00,70.58341536542746,71.64091710344246,69.62567664981242,69.70549011230469,5724400
2025-05-12 00:00:00-04:00,76.76881037715002,77.56692974059646,73.33691538176315,73.93550109863281,8031200
2025-05-13 00:00:00-04:00,74.17493068326516,75.51177941801359,73.4965315368473,73.65615844726562,4751000
2025-05-14 00:00:00-04:00,73.33691575396485,73.77088906889755,72.54877497170483,72.66848754882812,3849400
2025-05-15 00:00:00-04:00,72.10980557673737,72.88796774158374,71.38651421128044,72.73832702636719,3448000
2025-05-16 00:00:00-04:00,72.73832623510752,73.0575724431468,71.87535752578586,72.95780181884766,3309100
2025-05-19 00:00:00-04:00,72.06990365569008,73.11743440065317,71.71075069235592,72.9278793334961,2418500
2025-05-20 00:00:00-04:00,72.42905836957713,72.82811807308568,71.62096798825964,71.68082427978516,3268200
2025-05-21 00:00:00-04:00,71.25183208096935,71.32166695396299,69.24657032296754,69.41616821289062,3225900
2025-05-22 00:00:00-04:00,69.24656111785511,69.94989524114149,68.06235211506021,69.2764892578125,2835100
2025-05-23 00:00:00-04:00,68.33871222534292,69.19668790745145,68.27885593496391,68.99716186523438,2486600
2025-05-27 00:00:00-04:00,70.21428246428583,71.22190647750465,69.60571814444947,70.84280395507812,3183800
2025-05-28 00:00:00-04:00,70.8427979123115,71.28175668730226,70.33399665636297,70.98246765136719,2448600
2025-05-29 00:00:00-04:00,71.63094077855759,71.83046680845345,70.61333823637028,71.361572265625,2807600
2025-05-30 00:00:00-04:00,71.17202076749759,71.17202076749759,69.42614127861725,70.37390899658203,7095500
2025-06-02 00:00:00-04:00,70.26416462366672,70.28411418229587,69.69550705985829,69.98482513427734,2396200
2025-06-03 00:00:00-04:00,69.83518214267181,71.13212428417947,69.14680434017905,70.9924545288086,2445300
2025-06-04 00:00:00-04:00,71.18199999737178,71.38153365048005,70.7629907429903,70.96251678466797,1672500
2025-06-05 00:00:00-04:00,71.14208278387612,71.81051090900688,70.68316686649482,71.38152313232422,1898800
2025-06-06 00:00:00-04:00,71.85041466017616,72.27940246454946,70.71309957163854,71.45136260986328,2152700
2025-06-09 00:00:00-04:00,71.68082006676133,72.81813520748524,71.30670304385399,71.5012435913086,2075600
2025-06-10 00:00:00-04:00,71.7207223546761,73.94547479549557,71.59103120154747,73.74594116210938,4533500
2025-06-11 00:00:00-04:00,73.83074404766582,73.98538547609063,72.66848625965376,73.2271728515625,3051600
2025-06-12 00:00:00-04:00,73.03760632339771,73.62122786916446,72.15968126173158,72.9378433227539,3574800
2025-06-13 00:00:00-04:00,72.02002347272314,72.6186091872045,71.74068398006054,72.07987976074219,2976900
2025-06-16 00:00:00-04:00,72.17963717258708,72.94782832918332,71.51121663684832,72.68843841552734,3046900
2025-06-17 00:00:00-04:00,72.19960327363644,72.53879906994104,70.72807015966195,70.97249603271484,2918100
2025-06-18 00:00:00-04:00,71.08223357663769,72.00006550274365,70.82284364571896,71.7207260131836,3496300
2025-06-20 00:00:00-04:00,72.42905129393249,72.43902987868886,71.0473103452326,71.1121597290039,6306600
2025-06-23 00:00:00-04:00,71.11216711259459,71.21692323483816,69.32638082728886,70.9924545288086,3142300
2025-06-24 00:00:00-04:00,71.41145669116035,72.11978398334527,71.24185880671398,71.81051635742188,8746500
2025-06-25 00:00:00-04:00,71.8404493490042,72.67846785442539,70.93258835670068,72.57870483398438,5681100
2025-06-26 00:00:00-04:00,72.82811756972295,75.11272655480238,72.74830410728673,74.6837387084961,5091900
2025-06-27 00:00:00-04:00,75.0229257383406,75.39205725039254,73.90556784054849,74.2048568725586,6817100
2025-06-30 00:00:00-04:00,73.82574924269993,74.40438532026413,73.39875567090132,73.89558410644531,2952400
2025-07-01 00:00:00-04:00,73.64618201065578,76.64410365223846,73.4366773931933,75.77116394042969,3298700
2025-07-02 00:00:00-04:00,75.60156960549119,75.98067974089838,75.18256035087013,75.9407730102539,2526100
2025-07-03 00:00:00-04:00,76.00062600106446,76.34980036475652,75.51178189189558,75.89088439941406,1800500
2025-07-07 00:00:00-04:00,75.43196387063442,76.30988901929516,74.20485676797594,74.43431854248047,3528300
2025-07-08 00:00:00-04:00,74.48421212101928,76.49945255854773,74.32458519731016,75.02293395996094,3522500
2025-07-09 00:00:00-04:00,75.6713948468256,75.93078475727401,74.70367768334046,75.33219909667969,2574300
2025-07-10 00:00:00-04:00,75.33219568983704,77.13793117420525,74.95308561984288,76.31986236572266,2738500
2025-07-11 00:00:00-04:00,75.4918315839535,75.68338085557082,74.76355464654239,74.9531021118164,1897900
2025-07-14 00:00:00-04:00,74.63384929993997,74.69869868604297,73.70603878141905,74.27469635009766,2236700
2025-07-15 00:00:00-04:00,74.6138957782834,74.7535655167562,73.48655928591587,74.21483612060547,4637500
2025-07-16 00:00:00-04:00,74.26473006777884,76.03055917319388,74.02528967847145,75.27234649658203,6398500
2025-07-17 00:00:00-04:00,75.11272572108321,76.3996892457173,74.6338525632119,76.06048583984375,3968000
2025-07-18 00:00:00-04:00,76.65906067699477,76.67403235890814,75.27233432834316,75.78113555908203,3383600
2025-07-21 00:00:00-04:00,75.54170637507701,75.7212828407638,73.92053269730987,73.98538208007812,3902800
2025-07-22 00:00:00-04:00,73.98538286452778,76.59920881215714,73.93549755241867,76.30989074707031,4674300
2025-07-23 00:00:00-04:00,77.4172819747558,77.61681562279198,76.51939958716896,77.06810760498047,2337000
2025-07-24 00:00:00-04:00,76.81868753538545,77.67167760964503,76.13530294556578,76.58922576904297,2392500
2025-07-25 00:00:00-04:00,76.61419394621869,77.68216114085435,75.82569366383875,77.46257781982422,3132700
2025-07-28 00:00:00-04:00,77.22303102714444,78.62036550133512,76.83477003076537,77.59232330322266,3950900
2025-07-29 00:00:00-04:00,78.06143187411344,78.55049894109798,77.29289791170918,77.5723648071289,4524000
2025-07-30 00:00:00-04:00,73.21067250485204,73.78458487973785,70.18642911104381,71.50392150878906,12910000
2025-07-31 00:00:00-04:00,72.20257591674759,72.87130894091494,70.97491674629228,71.18451690673828,6427700
2025-08-01 00:00:00-04:00,70.25629083652514,70.76532420377825,68.95875719133949,69.71731567382812,5128400
2025-08-04 00:00:00-04:00,70.27626236917696,70.84018399367656,69.77721210135972,70.50582122802734,3251600
2025-08-05 00:00:00-04:00,70.85514644203985,71.40410471712887,70.37606250641839,70.60562133789062,3726200
2025-08-06 00:00:00-04:00,70.80524439795917,70.8950697782801,69.4478272527194,69.82710266113281,5171000
2025-08-07 00:00:00-04:00,70.71541781097874,71.3941264451033,69.8770170590673,70.9649429321289,4233700
2025-08-08 00:00:00-04:00,71.0647444888972,71.94806546332175,70.87511059355246,71.86322784423828,3025100
2025-08-11 00:00:00-04:00,71.90315266892519,73.20067860084038,71.78337788132772,72.861328125,4130000
2025-08-12 00:00:00-04:00,73.09090261015416,74.4682785520918,72.91024666420948,74.26866149902344,2338000
2025-08-13 00:00:00-04:00,74.26866190365978,75.2967042008776,74.17384113771983,75.1869125366211,3067900
2025-08-14 00:00:00-04:00,74.77768161243306,74.97730626530374,73.11085573919777,73.52008056640625,3122600
2025-08-15 00:00:00-04:00,73.8694162227493,74.37844196804565,72.92121622905398,73.26057434082031,2926900
2025-08-18 00:00:00-04:00,73.22065502503416,73.63985541739555,72.57188816167334,73.03101348876953,2292500
2025-08-19 00:00:00-04:00,72.78148215513035,73.90434514855528,72.56189884025405,73.8294906616211,2949900
2025-08-20 00:00:00-04:00,73.90934130781194,74.24869180538046,73.48015781006804,73.72968292236328,2156900
2025-08-21 00:00:00-04:00,73.36038098786211,73.92331261068807,72.83138898279654,73.01104736328125,2575900
2025-08-22 00:00:00-04:00,73.70971754652962,75.41148066068048,73.5550131934072,75.07711791992188,3666500
2025-08-25 00:00:00-04:00,74.8275939064803,74.96732736393255,73.85744012193906,74.44831085205078,2022000
2025-08-26 00:00:00-04:00,74.4383315883745,74.76670138943061,73.61988954376362,73.94925689697266,1845900
2025-08-27 00:00:00-04:00,73.62985997376548,74.33851792823738,73.57995952486417,74.11893463134766,2113000
2025-08-28 00:00:00-04:00,74.28363400536465,74.35848849816013,73.08092105509965,73.57997131347656,2511900
2025-08-29 00:00:00-04:00,73.54004249236237,74.0091509288283,73.0609509190838,73.58995056152344,1983000
2025-09-02 00:00:00-04:00,72.83139736351556,73.17074789075697,71.004871554226,71.46399688720703,4045600
2025-09-03 00:00:00-04:00,71.77839487979918,72.52198245749403,71.49393259598297,72.24250793457031,3882900
2025-09-04 00:00:00-04:00,72.34231827058235,73.9991609273794,71.4240601415571,73.97920227050781,2217100
2025-09-05 00:00:00-04:00,74.10895161263511,75.6061021502641,74.06902668451016,75.58614349365234,3010700
2025-09-08 00:00:00-04:00,75.99537588227818,78.28102707404746,74.84755871751679,78.01154327392578,6251200
2025-09-09 00:00:00-04:00,77.79194428587354,78.74013657936192,77.26295231488099,78.56047821044922,3997900
2025-09-10 00:00:00-04:00,78.56048411351203,79.53862588773494,75.50629922740505,75.84564971923828,4250400
2025-09-11 00:00:00-04:00,75.7957454850992,78.2510715123025,75.49631232438351,77.81190490722656,4358000
2025-09-12 00:00:00-04:00,77.32284203592322,77.48752952173797,76.23490860036267,76.2947998046875,3254100
2025-09-15 00:00:00-04:00,76.43453064919312,78.09137335755446,76.35468078941861,77.61228942871094,3196700
2025-09-16 00:00:00-04:00,78.17122541351277,78.35088379560194,77.16314184651783,77.33282470703125,3384400
2025-09-17 00:00:00-04:00,77.35278618270105,78.53054503820795,75.96542714293898,76.48443603515625,2925300
2025-09-18 00:00:00-04:00,76.84375435899868,76.90364556635,73.60991091341586,73.85943603515625,3841300
2025-09-19 00:00:00-04:00,74.31856564007207,75.39651605585945,74.24869890654341,74.76771545410156,6294100
2025-09-22 00:00:00-04:00,74.46827572106939,74.92740101759426,73.63486275309357,74.62796783447266,3155900
2025-09-23 00:00:00-04:00,74.4882318944304,75.29669841592421,74.32853978635511,74.45829010009766,3143100
2025-09-24 00:00:00-04:00,74.56808663180837,74.89746162080975,73.53006120928738,73.8394775390625,2320500
2025-09-25 00:00:00-04:00,72.76152365868163,72.76152365868163,69.65244291770317,71.36418151855469,5017100
2025-09-26 00:00:00-04:00,72.09279834021574,72.85134919407965,71.58376498217127,72.32235717773438,2679100
2025-09-29 00:00:00-04:00,72.861338852858,73.50511034558974,72.30240499157756,72.95116424560547,2914600
2025-09-30 00:00:00-04:00,72.66171753450652,75.12701930813567,72.57188453212038,74.95734405517578,4089700
2025-10-01 00:00:00-04:00,74.817603634224,76.35467913451083,74.06902834859153,75.36656188964844,3579400
2025-10-02 00:00:00-04:00,74.9573383627734,76.70401405917912,74.46827129995228,76.674072265625,2517100
2025-10-03 00:00:00-04:00,77.01343238648103,77.80192502048592,76.28481572625766,76.41456604003906,2696300
2025-10-06 00:00:00-04:00,76.5143871829307,76.554304501398,75.73586240457512,76.26486206054688,1677100
2025-10-07 00:00:00-04:00,74.98727912006434,75.34659586755161,74.05904545820582,74.34849548339844,2808300
2025-10-08 00:00:00-04:00,74.28862210971722,75.0371975007402,73.66979704510659,74.98728942871094,2477900
2025-10-09 00:00:00-04:00,74.7377676827355,75.14300236100485,73.64984172033726,74.07902526855469,1825200
2025-10-10 00:00:00-04:00,73.87041331580437,74.39840777893234,69.89697265827304,70.87511444091797,7015400
2025-10-13 00:00:00-04:00,71.88318773520042,72.69165424045752,71.56379591056236,71.70352935791016,2693700
2025-10-14 00:00:00-04:00,71.0348001013507,72.96113408197358,70.84516621293176,72.20257568359375,2783600
2025-10-15 00:00:00-04:00,72.75154237695403,73.7995509124945,72.12274182457112,73.08091735839844,3432900
2025-10-16 00:00:00-04:00,73.74963389413772,74.0939797315996,72.61678787021708,73.2406005859375,1766900
2025-10-17 00:00:00-04:00,72.86133140707871,74.05904887739868,72.51199777947723,73.90933990478516,2049500
2025-10-20 00:00:00-04:00,74.20876578100214,75.7688002934172,73.91931574121315,75.33662414550781,2050900
2025-10-21 00:00:00-04:00,75.10706045839127,76.4045941169224,75.03719373000281,75.9554443359375,1644400
2025-10-22 00:00:00-04:00,75.87559416010002,76.9934694246421,75.5562023152169,75.99536895751953,2547300
2025-10-23 00:00:00-04:00,76.17501870420875,77.25296891398516,75.73585211172917,77.11323547363281,2235200
2025-10-24 00:00:00-04:00,77.46772936430955,78.2166439769923,77.0283636869959,78.02691650390625,2600300
2025-10-27 00:00:00-04:00,78.5062239350694,79.03545570051351,78.16671202128151,78.23661041259766,4093600
2025-10-28 00:00:00-04:00,78.00694132127384,79.63457951419207,77.56757568608131,79.28508758544922,5877000
2025-10-29 00:00:00-04:00,76.6289322510095,78.2715557127772,73.62329410192197,77.26800537109375,8765300
2025-10-30 00:00:00-04:00,77.26800941763058,77.26800941763058,73.84297316420668,74.8914566040039,3474800
2025-10-31 00:00:00-04:00,74.53198091385772,75.08118800511424,73.4135990272778,74.8415298461914,3275700
2025-11-03 00:00:00-05:00,74.72171567806606,75.7602116130309,73.53143927497734,74.36223602294922,4442900
2025-11-04 00:00:00-05:00,74.30231578015307,75.38074698917275,73.79305173083486,74.19247436523438,2489700
2025-11-05 00:00:00-05:00,74.10259686484774,76.69883242816724,73.20389788798835,75.50057220458984,3732000
2025-11-06 00:00:00-05:00,75.35079425861362,76.24949331283736,73.91287577185564,74.06266021728516,2554200
2025-11-07 00:00:00-05:00,73.49348198148512,74.03270138879596,72.58979294808239,72.94428253173828,4401300
2025-11-10 00:00:00-05:00,73.36367719457856,73.89290897233576,72.10549850326198,73.37366485595703,4400700
2025-11-11 00:00:00-05:00,73.39363043800891,74.28234181615736,72.71461423262382,73.30376434326172,3672900
2025-11-12 00:00:00-05:00,73.59333652612699,75.39073456983516,73.18393384960923,74.87149047851562,3034600
2025-11-13 00:00:00-05:00,74.23241285304721,75.48060387587907,73.81302249778052,73.86295318603516,2708200
2025-11-14 00:00:00-05:00,73.60332315608319,73.91786971391463,72.39507522854025,73.04413604736328,4407300
2025-11-17 00:00:00-05:00,72.46496557686717,72.89434352152256,70.18826675156966,70.52777099609375,4806100
2025-11-18 00:00:00-05:00,70.37800922677418,71.40651745804954,69.93365350690219,70.91722106933594,3371500
2025-11-19 00:00:00-05:00,71.13689404209823,72.23530051664163,70.78740211179162,72.2053451538086,4218900
2025-11-20 00:00:00-05:00,73.02416451433814,75.24095297941741,72.93429841792576,74.6418228149414,8322400
2025-11-21 00:00:00-05:00,74.78162307444862,76.98343395910985,73.24385075587666,76.33936309814453,8388600
2025-11-24 00:00:00-05:00,76.39427281788882,78.90563228991392,76.39427281788882,78.12676239013672,7118800
2025-11-25 00:00:00-05:00,78.12677195634532,81.82142203005547,78.036905857684,79.84428405761719,5949700
2025-11-26 00:00:00-05:00,79.95411856072577,81.15237881597675,79.58964893932615,80.5133056640625,3091600
2025-11-28 00:00:00-05:00,80.53327787896588,80.57322090171391,79.51474984477271,79.87422943115234,1353300
2025-12-01 00:00:00-05:00,79.23516185022797,80.17380390462857,78.88566989965959,79.12532043457031,2540800
2025-12-02 00:00:00-05:00,79.60462075543592,80.61316109394167,79.235153521754,80.10389709472656,2367800
2025-12-03 00:00:00-05:00,80.09391162549629,83.98826870215052,79.98407021837983,83.4690170288086,5253900
2025-12-04 00:00:00-05:00,82.80998403541021,83.57886633958246,81.43198391357349,82.40057373046875,3321100
2025-12-05 00:00:00-05:00,82.79001397247232,85.43617272324285,82.42054670427368,85.33631896972656,4439300
2025-12-08 00:00:00-05:00,85.27640378422653,85.76569248373032,82.35463602762715,82.96974182128906,4234100
2025-12-09 00:00:00-05:00,83.01967723031501,83.51895361857447,82.57033152822274,82.90983581542969,2749300
2025-12-10 00:00:00-05:00,82.55534753432453,84.74717040647495,82.39058542459331,84.34774780273438,2562000
2025-12-11 00:00:00-05:00,84.34775324828442,86.06526522240591,84.01323898633156,85.92546844482422,3478800
2025-12-12 00:00:00-05:00,85.87554200188009,85.87554200188009,83.43907069790716,83.83849334716797,2386900
2025-12-15 00:00:00-05:00,84.6872612979737,84.93689950023715,83.48900097445056,84.3277816772461,3566100
2025-12-16 00:00:00-05:00,84.32777925602537,84.37770994238578,81.6217021353891,82.13096618652344,3207400
2025-12-17 00:00:00-05:00,82.08104051828094,83.43907299209529,81.99117441936188,82.26078033447266,3100800
2025-12-18 00:00:00-05:00,82.69015495676443,83.35919112292844,82.1209801653152,82.40057373046875,2095100
2025-12-19 00:00:00-05:00,82.87489381732928,83.51895703243488,82.18089991401555,82.7700424194336,6437600
2025-12-22 00:00:00-05:00,83.27930019746115,84.05817011720043,82.92980826146952,83.81851959228516,2237700
2025-12-23 00:00:00-05:00,83.68870584208037,83.88842096858669,83.0446426526861,83.19941711425781,2117000
2025-12-24 00:00:00-05:00,83.30926065327276,83.71367331952331,82.97973639990072,83.26931762695312,807000
2025-12-26 00:00:00-05:00,83.42908768425379,83.86345570499309,83.14948650687984,83.48899841308594,1462500
2025-12-29 00:00:00-05:00,83.44905341455207,83.94832979195596,82.79999260025642,83.0296630859375,1383400
2025-12-30 00:00:00-05:00,82.8798797498313,83.46902222618331,82.78002599669489,83.20940399169922,1510500
2025-12-31 00:00:00-05:00,82.94978202589623,83.0496357837118,81.82142008770879,81.90129852294922,1578100
2026-01-02 00:00:00-05:00,82.46049136986083,83.44905650053934,82.08103643325558,82.70014190673828,3433500
2026-01-05 00:00:00-05:00,82.67018734900628,85.35629682286947,82.11100021804867,84.91693115234375,2857900
2026-01-06 00:00:00-05:00,84.6772774192005,87.10875096122703,84.3577408395125,86.60448455810547,2512500
2026-01-07 00:00:00-05:00,86.20506191655731,87.11374096995895,85.25643222005328,85.6358871459961,2450100
2026-01-08 00:00:00-05:00,84.90693484196306,89.64007250570386,84.46756921619426,88.03240966796875,4219600
2026-01-09 00:00:00-05:00,87.50796458470846,88.42200418637121,85.31527098991498,87.18830108642578,2991300
2026-01-12 00:00:00-05:00,86.47904544490932,87.02847063926619,85.25033438361066,86.80870056152344,1965900
2026-01-13 00:00:00-05:00,87.02846810672074,87.50795951568001,84.38125086605368,84.6809310913086,2709000
2026-01-14 00:00:00-05:00,84.07157893229827,85.32026558976672,83.47220323961058,85.21038055419922,3776200
2026-01-15 00:00:00-05:00,84.12152788346232,84.19145403646087,82.34339917460261,82.4233169555664,5188400
2026-01-16 00:00:00-05:00,82.6031308088406,82.61311481574789,81.06474777201365,81.66411590576172,6127100
2026-01-20 00:00:00-05:00,79.55633134627358,79.91595374784924,78.22772678608456,78.74718475341797,5702600
2026-01-21 00:00:00-05:00,79.36652539060503,81.23456347956542,79.0868207829273,81.0147933959961,4418900
2026-01-22 00:00:00-05:00,81.38440580428707,83.12257556152069,81.1296688390983,81.80396270751953,5526300
2026-01-23 00:00:00-05:00,81.17462779008103,81.72404536973775,79.49639254672921,79.68618774414062,2340500
2026-01-26 00:00:00-05:00,79.68618663877007,80.94486495916883,79.43644930019612,80.18566131591797,2915000
2026-01-27 00:00:00-05:00,80.47536432254995,80.86495399383442,79.72615224371376,80.2356185913086,1969000
2026-01-28 00:00:00-05:00,79.91594767694761,80.14570937992545,79.04685900226448,79.17672729492188,1985700
2026-01-29 00:00:00-05:00,79.50637400142195,79.66620955345863,77.58839310525323,78.69722747802734,3697100
2026-01-30 00:00:00-05:00,78.57735969486433,79.02788225537306,77.91804946421304,78.88703155517578,2724200
2026-02-02 00:00:00-05:00,78.36757354872144,80.14570979571647,78.21773724315277,80.02583312988281,3353200
2026-02-03 00:00:00-05:00,79.53634888346278,80.75506067153884,78.14780991600306,78.69722747802734,4574200
2026-02-04 00:00:00-05:00,79.62625944843411,85.4501365493791,78.9819404089903,82.5431900024414,7006500
2026-02-05 00:00:00-05:00,82.23350999904521,83.89176957451392,81.70406806417685,82.22351837158203,3997700
2026-02-06 00:00:00-05:00,82.39334867493251,83.4122736948036,80.37546664811593,80.56526947021484,3468900
2026-02-09 00:00:00-05:00,79.9179461138273,80.41542399577662,78.5074270476771,78.99691772460938,3171000
2026-02-10 00:00:00-05:00,79.32657497932789,80.50333114557684,79.04686274724862,79.13677215576172,3867500
2026-02-11 00:00:00-05:00,78.84707017893737,79.41147898391122,78.21773485066262,79.11678314208984,3500200
2026-02-12 00:00:00-05:00,79.52635801089703,79.746128086344,76.5794604900037,78.56736755371094,3849900
2026-02-13 00:00:00-05:00,78.56737301730873,82.00375382251445,78.39554902315196,80.2555923461914,5691900
2026-02-17 00:00:00-05:00,80.0757878872818,82.56316976939169,79.97588684977303,81.52426147460938,3898800
2026-02-18 00:00:00-05:00,81.53424951778221,83.09260808074906,80.80501313147819,82.86284637451172,2263300
2026-02-19 00:00:00-05:00,82.45328309728731,82.99271667939179,81.60417764488133,82.92279052734375,2206800
2026-02-20 00:00:00-05:00,82.71301208507676,87.02847312125769,82.20354576499611,84.14151000976562,5238900
2026-02-23 00:00:00-05:00,83.83183088679701,84.62100181858821,82.50322637043793,83.77189636230469,2926500
2026-02-24 00:00:00-05:00,83.77189761388638,85.08051889404662,83.43225085347113,83.96170043945312,2212500
2026-02-25 00:00:00-05:00,84.01163757439706,84.87073461246476,83.05264712707515,83.94171142578125,2176700
2026-02-26 00:00:00-05:00,84.10154584120569,84.6709466497767,82.78792504419722,83.83182525634766,2286000
2026-02-27 00:00:00-05:00,83.13256528546886,84.59103040714987,82.413320541324,84.18145751953125,3094000
2026-03-02 00:00:00-05:00,82.84286909507459,82.84286909507459,79.48140669898599,80.0757827758789,3500800
2026-03-03 00:00:00-05:00,78.20774815729555,79.10680412681923,77.2087987736868,78.04791259765625,4244300
2026-03-04 00:00:00-05:00,78.4175308470569,79.13677566150793,77.69828603260586,78.93698120117188,2462100
2026-03-05 00:00:00-05:00,77.99796614719203,78.28266274543077,75.4806095472334,77.02898406982422,3940400
2026-03-06 00:00:00-05:00,75.64044429342056,76.19985347794763,74.11205304185302,74.19196319580078,2773200
2026-03-09 00:00:00-04:00,73.2729411947363,75.9001831460525,72.224048837026,75.55054473876953,2906100
2026-03-10 00:00:00-04:00,75.06105911974986,75.42068152214858,71.64465391834116,72.65359497070312,4395500
2026-03-11 00:00:00-04:00,72.49375928006377,73.12309467249096,71.84444063121582,72.57367706298828,2491100
2026-03-12 00:00:00-04:00,71.61469067725092,72.07420652359578,69.11731697665078,70.25611877441406,4776100
2026-03-13 00:00:00-04:00,70.91541828857898,71.04528659287021,70.08629604940414,70.69564819335938,4497400
2026-03-16 00:00:00-04:00,71.79448939759402,72.4897572612824,71.26503986322257,72.09416961669922,3367300
2026-03-17 00:00:00-04:00,72.64359794019403,73.8123668503825,71.95432044995935,72.26399230957031,3332100
2026-03-18 00:00:00-04:00,71.42487994971223,72.01425641970675,70.10127508311177,70.17619323730469,4304700
2026-03-19 00:00:00-04:00,69.36704594644627,70.95537176942138,69.3021117992526,70.3060531616211,4278500
2026-03-20 00:00:00-04:00,69.79659809277827,70.48586800385523,68.92750936148049,69.57682800292969,5121600
2026-03-23 00:00:00-04:00,71.84443526052296,72.40385207779637,70.7555841297452,71.57472229003906,3377400
2026-03-24 00:00:00-04:00,70.80552686434353,71.77450894888543,70.59574841635693,70.88544464111328,6136900
2026-03-25 00:00:00-04:00,72.05421173085084,73.0082101608855,71.75453150758248,72.12413787841797,3563200
2026-03-26 00:00:00-04:00,71.68460619304993,73.42776789957983,71.28502493600351,71.46483612060547,4860900
2026-03-27 00:00:00-04:00,71.00532725866329,71.17514683250101,69.0773545553979,69.15727233886719,3526000
2026-03-30 00:00:00-04:00,69.92146537813305,70.3859731867618,68.36809877001981,68.69774627685547,3776900
2026-03-31 00:00:00-04:00,69.82656299647667,71.31000343145477,68.64780242642556,71.10521697998047,3496500
2026-04-01 00:00:00-04:00,70.94538267242187,72.0642087384068,70.94538267242187,71.90438079833984,3351200
2026-04-02 00:00:00-04:00,70.35025817775976,72.24918698927748,69.76059494357251,70.3102798461914,2750700
2026-04-06 00:00:00-04:00,70.31027756126296,70.829988229675,69.80556543865283,70.3602523803711,2327000
2026-04-07 00:00:00-04:00,70.36024788453362,70.7700123997075,68.911062098952,69.69062805175781,3213300
2026-04-08 00:00:00-04:00,72.77888356268058,74.0881414613876,71.95934686175848,73.70835876464844,4579700
2026-04-09 00:00:00-04:00,72.69393121192438,73.16866148089771,71.23475650751085,72.86883544921875,3580400
2026-04-10 00:00:00-04:00,73.37854185430952,73.64839366991468,72.54900868054051,73.13867950439453,2691600
2026-04-13 00:00:00-04:00,72.57899894283786,73.91823867173952,72.00932108985799,73.78831481933594,2326400
2026-04-14 00:00:00-04:00,74.03817491949964,75.0475991651333,73.84827975691513,74.62783813476562,2179300
2026-04-15 00:00:00-04:00,74.58786099550163,75.0376114995802,73.3985380571354,73.46849822998047,3159100
2026-04-16 00:00:00-04:00,73.45850218928196,74.2580535624654,72.80886765170628,73.1586685180664,2685900
2026-04-17 00:00:00-04:00,74.99763396751612,75.90711622418968,74.32301201675581,74.61785125732422,3461400
2026-04-20 00:00:00-04:00,73.98819642379459,75.13754858085808,73.8232886789689,74.1081314086914,2245900
2026-04-21 00:00:00-04:00,74.3829785703005,74.59785350934337,72.03930146724973,72.21920013427734,2720700
2026-04-22 00:00:00-04:00,72.8188588066202,72.8188588066202,70.87295962071481,71.33969116210938,3558100
2026-04-23 00:00:00-04:00,70.94991758658405,71.39866920951566,69.23588951930425,69.85054016113281,3291600
2026-04-24 00:00:00-04:00,69.43077571604488,69.55070307925303,68.48130754848921,68.7911376953125,3587700
2026-04-27 00:00:00-04:00,69.15093588904327,70.78001280179343,68.96104072816982,70.4402084350586,5314100
2026-04-28 00:00:00-04:00,70.6600736092307,70.83997227065095,68.35138047524272,68.46131896972656,5086800
2026-04-29 00:00:00-04:00,62.11490831455633,62.864484824486404,58.71682661118933,59.451412200927734,23475900
2026-04-30 00:00:00-04:00,59.176568063262046,60.99554015380756,59.14658622181084,60.80564880371094,10031000
2026-05-01 00:00:00-04:00,61.49525831379171,61.49525831379171,59.7762320358817,60.995540618896484,11978600
2026-05-04 00:00:00-04:00,60.70570558171789,62.48469930654225,60.67571992832036,60.96555709838867,7799000
2026-05-05 00:00:00-04:00,60.96555679642928,61.44528531043697,60.10604177912843,61.00553512573242,7372600
2026-05-06 00:00:00-04:00,61.785092996428986,62.65460068291632,61.09548397784156,61.70014190673828,5358900
2026-05-07 00:00:00-04:00,61.795091531065864,62.314794574936656,61.165446172567805,61.30536651611328,3828400
2026-05-08 00:00:00-04:00,62.47969956182574,63.454151304163126,61.96499097262457,63.43416213989258,8357200
2026-05-11 00:00:00-04:00,62.964426310034725,64.31366249166102,61.45528062678943,61.6651611328125,6074300
2026-05-12 00:00:00-04:00,62.30480041216325,62.75454708607467,61.69514423336592,62.25482940673828,4300000
2026-05-13 00:00:00-04:00,61.645172440368576,62.30479961616356,60.97554877609032,61.85505294799805,4169700
2026-05-14 00:00:00-04:00,62.10491350908466,63.22428006006917,62.07992991226925,62.634613037109375,4515600
2026-05-15 00:00:00-04:00,62.33478434037887,62.604632353762405,60.63574341122893,60.72569274902344,4777500
2026-05-18 00:00:00-04:00,60.95556626854431,62.5246795298289,60.825638600001916,61.47526931762695,4998100
2026-05-19 00:00:00-04:00,61.37032662867535,62.354771061350775,61.15544787528659,61.545230865478516,5312200
2026-05-20 00:00:00-04:00,61.89503057622213,64.35364058430554,60.96555541004908,64.22371673583984,8740700
2026-05-21 00:00:00-04:00,64.16374680735153,64.96329814221343,62.694579426510934,64.2936782836914,5107800
2026-05-22 00:00:00-04:00,64.25369689381007,65.06323705360869,63.873910409095565,64.19373321533203,3181500
2026-05-26 00:00:00-04:00,64.19373549838558,65.05324287912222,63.46414434224764,64.14376068115234,4011300
2026-05-27 00:00:00-04:00,64.96329966291763,65.59294120692697,63.2942444092912,63.84393310546875,3981000
2026-05-28 00:00:00-04:00,63.27425535100331,63.62405620937673,62.29480913501432,62.82450866699219,4520500
2026-05-29 00:00:00-04:00,62.71457029552644,62.99940922723546,62.154885108421254,62.30480194091797,5614600
2026-06-01 00:00:00-04:00,62.526675970280735,62.69957862500979,60.83562998012034,62.65460205078125,8589500
2026-06-02 00:00:00-04:00,62.14489318364264,62.56265644686219,61.48526597525821,61.95500183105469,3234400
2026-06-03 00:00:00-04:00,61.645175182094334,62.07493270495042,60.69571079874848,61.99497604370117,4294900
2026-06-04 00:00:00-04:00,62.594637530337906,64.67346109216597,62.47470254236341,63.77397155761719,4468800
2026-06-05 00:00:00-04:00,63.76397617777252,64.74342238800205,63.54410298774933,64.63348388671875,4930900
2026-06-08 00:00:00-04:00,64.71344054675873,65.2131582343785,64.24370470038228,64.63348388671875,4635600
2026-06-09 00:00:00-04:00,65.06324267466077,66.37250822687163,64.73342716436504,65.97273254394531,4875100
2026-06-10 00:00:00-04:00,65.65291345078441,66.21259483121669,63.69901542612161,63.7239990234375,3797300
2026-06-11 00:00:00-04:00,64.18374222744639,64.96330061481021,62.984418992048894,64.47357940673828,3060300
2026-06-12 00:00:00-04:00,64.57351826418935,65.37306959039401,63.66403225254766,65.14319610595703,3174800
2026-06-15 00:00:00-04:00,66.02269580906403,66.40248611652864,64.60349946297656,64.72343444824219,3406600
2026-06-16 00:00:00-04:00,64.8233785060593,65.04824993859071,62.87447877812815,63.194297790527344,4626100
2026-06-17 00:00:00-04:00,62.96442861949884,63.304236799470885,60.745680867178805,61.115474700927734,5053400
2026-06-18 00:00:00-04:00,60.38588399204579,61.999973812607564,59.936141119870506,61.55522537231445,8337100
2026-06-22 00:00:00-04:00,61.0555053344258,61.465273673077924,60.28593966182679,60.60575866699219,5822900
2026-06-23 00:00:00-04:00,61.455280648503866,63.963861670890054,60.965555655067085,63.68402099609375,7762700
2026-06-24 00:00:00-04:00,64.0238242424168,65.8927710382779,63.9988444594534,64.8433609008789,5433400
2026-06-25 00:00:00-04:00,64.81338242266196,65.66290096480772,64.34364657727554,64.90333557128906,4483600
2026-06-26 00:00:00-04:00,65.15319203616055,65.95273573042766,64.9632968821696,65.72286987304688,5191200
2026-06-29 00:00:00-04:00,65.65291318585064,65.80782445123181,64.40361894879358,65.01327514648438,4010800
2026-06-30 00:00:00-04:00,64.86335858484121,64.86335858484121,63.01939906320365,63.97386169433594,6595200
2026-07-01 00:00:00-04:00,64.5835171598346,65.70788196510624,64.31866739348867,64.82337951660156,3717900
2026-07-02 00:00:00-04:00,65.46301887793621,66.30254095617639,64.69345697288271,65.52798461914062,4513700
2026-07-06 00:00:00-04:00,65.7128726801768,66.0107009302658,63.82394052416798,64.80338287353516,4932800
2026-07-07 00:00:00-04:00,65.88078251488045,66.41247983409032,64.58351883189614,64.85336303710938,3624200
2026-07-08 00:00:00-04:00,65.20315974650146,65.44302971926712,63.66403221335456,64.64347839355469,4039200
2026-07-09 00:00:00-04:00,64.77040925218009,64.77040925218009,63.42317075837525,64.66346740722656,3105500
2026-07-10 00:00:00-04:00,64.8933409045395,65.21315992791814,64.15376084268019,64.66346740722656,2559700
2026-07-13 00:00:00-04:00,64.48356979977191,66.02270125815508,64.48356979977191,65.27312469482422,4025200
2026-07-14 00:00:00-04:00,63.46914253357464,63.684021284851326,60.4958201002092,61.62518310546875,12141800
2026-07-15 00:00:00-04:00,61.8750417660109,63.78396311349882,61.755110592685966,63.16431427001953,6772900
2026-07-16 00:00:00-04:00,63.15432165165106,65.70788322016726,63.14432897515466,65.66290283203125,6112500
2026-07-17 00:00:00-04:00,65.45802335715864,66.24657171571542,62.60463197482636,63.03438949584961,7594000
2026-07-20 00:00:00-04:00,63.3242246642984,63.44415583931333,62.47470232553901,62.794525146484375,4733700
2026-07-21 00:00:00-04:00,61.89503205110548,63.04438423829006,61.83506455708551,62.00497055053711,3133300
2026-07-22 00:00:00-04:00,62.35477042771311,62.66459675649882,61.305364080274565,61.37532424926758,3058700
2026-07-23 00:00:00-04:00,60.965559112206314,62.18487151446435,60.76567127064121,61.95500183105469,4471100
2026-07-24 00:00:00-04:00,62.470001220703125,62.74700164794922,60.20000076293945,60.58000183105469,9134000
2026-07-27 00:00:00-04:00,62.040000915527344,62.70000076293945,60.93000030517578,61.119998931884766,6052100
2026-07-28 00:00:00-04:00,61.400001525878906,64.25499725341797,61.400001525878906,64.11000061035156,7986800
2026-07-29 00:00:00-04:00,69.31999969482422,72.04000091552734,68.08000183105469,71.9000015258789,15269600
2026-07-30 00:00:00-04:00,71.37000274658203,71.81999969482422,68.26000213623047,69.94000244140625,7665100
2026-07-31 00:00:00-04:00,68.83999633789062,69.0199966430664,67.15499877929688,68.0199966430664,5127600
2026-08-03 00:00:00-04:00,69.61000061035156,70.2699966430664,68.83999633789062,69.7300033569336,4369000
2026-08-04 00:00:00-04:00,69.47000122070312,70.3550033569336,68.8499984741211,70.26000213623047,3427200
2026-08-05 00:00:00-04:00,70.33000183105469,71.04000091552734,69.72000122070312,70.23999786376953,2790900
2026-08-06 00:00:00-04:00,70.41000366210938,71.0,69.58499908447266,70.30999755859375,4351200
2026-08-07 00:00:00-04:00,70.23500061035156,71.91999816894531,69.66999816894531,71.7699966430664,2938800
2026-08-10 00:00:00-04:00,71.2300033569336,73.43000030517578,71.2300033569336,72.94000244140625,3254600
2026-08-11 00:00:00-04:00,72.58999633789062,73.22000122070312,72.19999694824219,72.75,2227600
2026-08-12 00:00:00-04:00,71.72000122070312,72.75,71.01000213623047,72.27999877929688,2840000
2026-08-13 00:00:00-04:00,72.91999816894531,73.97000122070312,72.54000091552734,73.79000091552734,2278200
2026-08-14 00:00:00-04:00,73.8499984741211,74.01499938964844,73.36000061035156,73.69000244140625,1623400
2026-08-17 00:00:00-04:00,73.36000061035156,73.47000122070312,72.12999725341797,72.37000274658203,2251500
2026-08-18 00:00:00-04:00,72.94000244140625,73.55999755859375,72.58499908447266,72.62999725341797,3316600
2026-08-19 00:00:00-04:00,73.3499984741211,75.44000244140625,73.11000061035156,74.62000274658203,2942000
2026-08-20 00:00:00-04:00,74.30000305175781,75.6500015258789,74.00499725341797,74.05999755859375,2499400
2026-08-21 00:00:00-04:00,74.16000366210938,75.01000213623047,73.69000244140625,74.81999969482422,2247400
2026-08-24 00:00:00-04:00,74.86000061035156,75.23999786376953,73.9800033569336,74.19000244140625,2500700
2026-08-25 00:00:00-04:00,73.87000274658203,74.38999938964844,73.1500015258789,73.91000366210938,2012800
2026-08-26 00:00:00-04:00,73.76000213623047,74.23500061035156,73.27999877929688,73.30999755859375,2042800
2026-08-27 00:00:00-04:00,72.875,73.4000015258789,72.08000183105469,72.4800033569336,2962000
2026-08-28 00:00:00-04:00,72.81999969482422,73.0,71.56999969482422,71.7249984741211,2002600
2026-08-31 00:00:00-04:00,71.30000305175781,71.55000305175781,70.29000091552734,71.2300033569336,3386200
